MSNO,total_dur,PostalCode,lat,long,address
40018,2880.0,080011,1.27442604746069,103.839671514269,11 CANTONMENT CLOSE CANTONMENT TOWERS SINGAPORE 080011
40035,1200.0,153095,1.28740640570626,103.822053233106,95C HENDERSON ROAD CITY VUE @HENDERSON SINGAPORE 153095
40036,9180.0,151096,1.28798878836651,103.821947260359,96A HENDERSON ROAD CITY VUE @HENDERSON SINGAPORE 151096
40037,480.0,152096,1.288056640159,103.821285332505,96B HENDERSON ROAD CITY VUE @HENDERSON SINGAPORE 152096
40068,1200.0,152075,1.28848093779845,103.815878776808,75B REDHILL ROAD SINGAPORE 152075
40072,30.0,090025,1.27633689840283,103.819194353538,25 TELOK BLANGAH CRESCENT SINGAPORE 090025
40078,270.0,100065,1.27406230448123,103.810424079622,65 TELOK BLANGAH DRIVE BLANGAH VIEW SINGAPORE 100065
40103,360.0,570249,1.36114689488207,103.843966049555,249 BISHAN STREET 22 DIVINITY ESPECIAL NEEDS INTERVENTION CENTRE SINGAPORE 570249
40104,720.0,570292,1.35601736515828,103.845668085918,292 BISHAN STREET 22 BISHAN HEIGHTS SINGAPORE 570292
40109,3000.0,571275,1.35673539047075,103.843519752733,275A BISHAN STREET 24 NATURA LOFT SINGAPORE 571275
40110,720.0,570290,1.35613778516576,103.844897654796,290 BISHAN STREET 24 BISHAN HEIGHTS SINGAPORE 570290
40116,810.0,570453,1.35904538127014,103.829898490029,453 SIN MING AVENUE SIN MING COURT SINGAPORE 570453
40125,7800.0,391030,1.30944315518034,103.883336276334,30 CASSIA CRESCENT SINGAPORE 391030
40131,1080.0,370049,1.32513240286821,103.885610754075,49 CIRCUIT ROAD MACPHERSON GARDEN SINGAPORE 370049
40139,120.0,400002,1.32075358200239,103.902873099409,2 EUNOS CRESCENT SINGAPORE 400002
40144,1080.0,380124,1.31838863767065,103.8866756731,124 GEYLANG EAST AVENUE 1 GEYLANG EAST GROVE SINGAPORE 380124
40153,360.0,392003,1.30692877602797,103.883110476119,3 PINE CLOSE SINGAPORE 392003
40155,6000.0,370092,1.32319473990265,103.887350625629,92 PIPIT ROAD SINGAPORE 370092
40156,120.0,380041,1.31685532892182,103.875551269808,41 SIMS DRIVE SIMS VISTA SINGAPORE 380041
40180,360.0,431011,1.30169639051101,103.882578686361,11 JALAN BATU DI TANJONG RHU SINGAPORE 431011
40182,960.0,431003,1.30288393170238,103.883934229235,3 JALAN BATU DI TANJONG RHU SINGAPORE 431003
40186,120.0,330064,1.32036885070648,103.868340801014,64 KALLANG BAHRU PCF SPARKLETOTS PRESCHOOL @ KOLAM AYER BLK 64 (KN) SINGAPORE 330064
40199,60.0,321026,1.32238824783966,103.862438814371,26A SAINT GEORGE'S LANE SAINT GEORGE'S TOWERS SINGAPORE 321026
40200,240.0,322004,1.32219497416293,103.860831758253,4C SAINT GEORGE'S LANE SINGAPORE 322004
40201,9600.0,320011,1.32292326712558,103.863230452849,11 SAINT GEORGE'S ROAD SAINT GEORGE'S EAST GARDENS SINGAPORE 320011
40212,480.0,330034,1.32050169556608,103.863341271367,34 WHAMPOA WEST BENDEMEER VILLE SINGAPORE 330034
40230,60.0,320078,1.32487617789478,103.855541044499,78 LORONG LIMAU WHAMPOA DEW SINGAPORE 320078
40231,1800.0,300069,1.31895176233165,103.850517972593,69 MOULMEIN ROAD MOULMEIN VIEW SINGAPORE 300069
40235,600.0,321109,1.32714817577656,103.855700914421,109 WHAMPOA ROAD WHAMPOA GARDENS SINGAPORE 321109
40241,900.0,080333,1.28074833681274,103.84246340102,333 KRETA AYER ROAD SINGAPORE 080333
40243,240.0,051335,1.28211630828089,103.842845624261,335A SMITH STREET SINGAPORE 051335
40297,810.0,180264,1.29900941828595,103.852284903161,264 WATERLOO STREET SINGAPORE 180264
40313,120.0,310128,1.33781295353996,103.844331928876,128 LORONG 1 TOA PAYOH SINGAPORE 310128
40317,360.0,310149,1.33378491718625,103.84376074201,149 LORONG 1 TOA PAYOH SINGAPORE 310149
40319,1440.0,310159,1.3307454292856,103.845601223103,159 LORONG 1 TOA PAYOH CARE CORNER STUDENT CARE CENTRE (TOA PAYOH) SINGAPORE 310159
40324,315.0,310120,1.33913568992412,103.845562921008,120 LORONG 2 TOA PAYOH TOA PAYOH VIEW SINGAPORE 310120
40327,180.0,310060,1.33632813877246,103.850756428954,60 LORONG 4 TOA PAYOH TOA PAYOH VISTA SINGAPORE 310060
40334,6900.0,310048,1.337083957059,103.85354103689,48 LORONG 5 TOA PAYOH EAST PAYOH SPRING SINGAPORE 310048
40336,900.0,310055,1.33735977355321,103.851197793444,55 LORONG 5 TOA PAYOH TOA PAYOH VISTA SINGAPORE 310055
40342,4380.0,310006,1.33858279721249,103.85719237771,6 LORONG 7 TOA PAYOH PCF SPARKLETOTS PRESCHOOL @ TOA PAYOH EAST-NOVENA BLK 6 (KN) SINGAPORE 310006
40349,120.0,310229,1.3387183120625,103.85919463592,229 LORONG 8 TOA PAYOH TOA PAYOH EIGHT SINGAPORE 310229
40351,300.0,310230,1.33825592680641,103.859303071005,230 LORONG 8 TOA PAYOH TOA PAYOH EIGHT SINGAPORE 310230
40363,2850.0,312079,1.33464078301907,103.847990266882,79B TOA PAYOH CENTRAL CENTRAL HORIZON SINGAPORE 312079
40366,270.0,314079,1.33464084384827,103.849165514713,79D TOA PAYOH CENTRAL CENTRAL HORIZON SINGAPORE 314079
40367,120.0,310025,1.33356606706026,103.856981751253,25 TOA PAYOH EAST SINGAPORE 310025
40370,180.0,310205,1.34220948332494,103.847727620222,205 TOA PAYOH NORTH PCF SPARKLETOTS PRESCHOOL @ TOA PAYOH WEST-BALESTIER BLK 205 (KN) SINGAPORE 310205
40381,8640.0,460110,1.33247206352435,103.934860475522,110 BEDOK NORTH ROAD FENGSHAN ESTATE SINGAPORE 460110
40388,480.0,470705,1.33663681806047,103.918995255673,705 BEDOK NORTH ROAD RESERVOIR RISE SINGAPORE 470705
40394,450.0,460203,1.32574461342215,103.929194613757,203 BEDOK NORTH STREET 1 BEDOK TOWN CENTRE SINGAPORE 460203
40397,4320.0,460129,1.32755443192195,103.938030484223,129 BEDOK NORTH STREET 2 SINGAPORE 460129
40410,1560.0,460546,1.33082005919243,103.925595840288,546 BEDOK NORTH STREET 3 BEDOK NORTH GREEN SINGAPORE 460546
40411,900.0,460547,1.33033113628205,103.925432072872,547 BEDOK NORTH STREET 3 BEDOK NORTH GREEN SINGAPORE 460547
40418,1200.0,461188,1.33163353101368,103.941371320775,188A BEDOK NORTH STREET 4 FENGSHAN GREENVILLE SINGAPORE 461188
40422,360.0,470107,1.32987028916159,103.909220387915,107 BEDOK RESERVOIR ROAD EUNOS VISTA SINGAPORE 470107
40423,360.0,470113,1.3299667100249,103.910782526741,113 BEDOK RESERVOIR ROAD EUNOS VISTA SINGAPORE 470113
40427,360.0,470139,1.33462453350019,103.913777679684,139 BEDOK RESERVOIR ROAD EUNOS SPRING SINGAPORE 470139
40429,1560.0,470605,1.33023693207314,103.913508109392,605 BEDOK RESERVOIR ROAD EUNOS RAINBOW SINGAPORE 470605
40435,240.0,470704,1.33635490577951,103.920203566512,704 BEDOK RESERVOIR ROAD RESERVOIR RISE SINGAPORE 470704
40455,2160.0,461001,1.32796879176302,103.922716018139,1 CHAI CHEE ROAD PING YI GARDENS SINGAPORE 461001
40456,570.0,461021,1.32577850604228,103.922424710131,21 CHAI CHEE ROAD PING-AN GARDENS SINGAPORE 461021
40481,3600.0,510460,1.37095910000001,103.959051431497,460 PASIR RIS DRIVE 4 SINGAPORE 510460
40487,625.0,510469,1.37349977144258,103.957588753401,469 PASIR RIS DRIVE 6 SINGAPORE 510469
40488,720.0,510473,1.37449502119344,103.95736253025,473 PASIR RIS DRIVE 6 SINGAPORE 510473
40489,600.0,510473,1.37449502119344,103.95736253025,473 PASIR RIS DRIVE 6 SINGAPORE 510473
40491,2160.0,510113,1.36805525886307,103.955767151318,113 PASIR RIS STREET 11 SINGAPORE 510113
40521,360.0,520155,1.34469945127151,103.958210105786,155 SIMEI ROAD SINGAPORE 520155
40522,2280.0,520112,1.3431095844731,103.949559595972,112 SIMEI STREET 1 SINGAPORE 520112
40525,2400.0,520130,1.3462129331016,103.954814919344,130 SIMEI STREET 1 SINGAPORE 520130
40530,60.0,520244,1.34381139061039,103.954503239744,244 SIMEI STREET 5 SINGAPORE 520244
40531,240.0,523623,1.36114474886559,103.941672812003,623C TAMPINES AVENUE 12 TAMPINES GREENVERGE SINGAPORE 523623
40532,2160.0,522624,1.36208192828081,103.941460559689,624B TAMPINES AVENUE 12 TAMPINES GREENVERGE SINGAPORE 522624
40538,360.0,521859,1.35506307407851,103.938057162871,859A TAMPINES AVENUE 5 TAMPINES PARKVIEW SINGAPORE 521859
40539,1080.0,520392,1.35519267346936,103.957473809347,392 TAMPINES AVENUE 7 SINGAPORE 520392
40542,720.0,522879,1.35158903554129,103.928804430639,879B TAMPINES AVENUE 8 TAMPINES GREENFOREST SINGAPORE 522879
40544,300.0,523601,1.36137360614437,103.937271692223,601C TAMPINES AVENUE 9 TAMPINES GREENRIDGES SINGAPORE 523601
40545,450.0,520505,1.3555484823662,103.945616071023,505 TAMPINES CENTRAL 1 TAMPINES HEART SINGAPORE 520505
40545,450.0,520505,1.3555484823662,103.945616071023,505 TAMPINES CENTRAL 1 TAMPINES HEART SINGAPORE 520505
40546,225.0,521515,1.35696557399587,103.938383041261,515A TAMPINES CENTRAL 7 THE PREMIERE @ TAMPINES SINGAPORE 521515
40551,120.0,522613,1.366081228979,103.936008325034,613B TAMPINES NORTH DRIVE 1 TAMPINES GREENVIEW SINGAPORE 522613
40578,120.0,524230,1.35593242580821,103.952746609869,230 TAMPINES STREET 24 SINGAPORE 524230
40581,45.0,520320,1.35070181299016,103.957051873318,320 TAMPINES STREET 33 BETHLEHEM EDUCARE CENTRE SINGAPORE 520320
40583,480.0,520354,1.35486140227222,103.962498873896,354 TAMPINES STREET 33 SINGAPORE 520354
40587,720.0,520421,1.35751860691899,103.947536321519,421 TAMPINES STREET 41 SUN PLAZA GARDENS SINGAPORE 520421
40589,40.0,520429,1.3590857124975,103.949767162999,429 TAMPINES STREET 41 SINGAPORE 520429
40593,2400.0,520449,1.35702424225032,103.951054363893,449 TAMPINES STREET 42 SINGAPORE 520449
40594,500.0,523450,1.35713537771761,103.952252237838,450C TAMPINES STREET 42 SINGAPORE 523450
40603,540.0,522497,1.35825224846357,103.958367367376,497C TAMPINES STREET 45 PRODIGY PRESCHOOL SINGAPORE 522497
40606,2640.0,525498,1.36227844944127,103.958121867302,498G TAMPINES STREET 45 SINGAPORE 525498
40608,720.0,521626,1.36269737798724,103.940131457766,626A TAMPINES STREET 61 TAMPINES GREENVERGE SINGAPORE 521626
40661,210.0,560471,1.36346600647245,103.856702918462,471 ANG MO KIO AVENUE 10 TECK GHEE HORIZON SINGAPORE 560471
40668,1200.0,560102,1.37065009769471,103.839410339836,102 ANG MO KIO AVENUE 3 KEBUN BARU HEIGHTS SINGAPORE 560102
40675,450.0,560233,1.36754924977907,103.836740628478,233 ANG MO KIO AVENUE 3 KEBUN BARU PALM VIEW SINGAPORE 560233
40688,1080.0,560112,1.37127865145519,103.835766565741,112 ANG MO KIO AVENUE 4 KEBUN BARU HEIGHTS SINGAPORE 560112
40695,360.0,560629,1.38010465081465,103.840408680468,629 ANG MO KIO AVENUE 4 DBS ANG MO KIO NORTH BRANCH SINGAPORE 560629
40728,180.0,530121,1.3538605933002,103.886936534381,121 HOUGANG AVENUE 1 SINGAPORE 530121
40738,480.0,530018,1.36321657536108,103.891929615677,18 HOUGANG AVENUE 3 HOUGANG VIEW SINGAPORE 530018
40740,180.0,530020,1.36383191186374,103.890737667635,20 HOUGANG AVENUE 3 HOUGANG VIEW SINGAPORE 530020
40741,360.0,530251,1.35995683095297,103.89162926387,251 HOUGANG AVENUE 3 SINGAPORE 530251
40745,2880.0,530603,1.37143602784682,103.885845075469,603 HOUGANG AVENUE 4 SINGAPORE 530603
40748,240.0,530661,1.37402568701988,103.882804051972,661 HOUGANG AVENUE 4 SINGAPORE 530661
40752,2250.0,530301,1.36778751494032,103.89392989782,301 HOUGANG AVENUE 5 SINGAPORE 530301
40759,600.0,530526,1.37440740122225,103.89056383733,526 HOUGANG AVENUE 6 SINGAPORE 530526
40789,1200.0,530911,1.37893742257033,103.883855739335,911 HOUGANG STREET 91 HDB PUBLIC SHELTERS SINGAPORE 530911
40793,360.0,530929,1.37603204309398,103.881497888579,929 HOUGANG STREET 91 SINGAPORE 530929
40797,750.0,530943,1.37386961002325,103.880562714742,943 HOUGANG STREET 92 SINGAPORE 530943
40798,780.0,530129,1.35151849772357,103.887577515817,129 LORONG AH SOO SINGAPORE 530129
40803,1920.0,531473,1.37682525094625,103.900641038235,473A UPPER SERANGOON CRESCENT HOUGANG PARKEDGE SINGAPORE 531473
40807,360.0,533476,1.37794957092138,103.904346035596,476C UPPER SERANGOON VIEW HOUGANG CAPEVIEW SINGAPORE 533476
40823,240.0,823673,1.40722159434779,103.910591907295,673C EDGEFIELD PLAINS WATERWAY BANKS SINGAPORE 823673
40851,780.0,821102,1.39883318313425,103.905783553043,102A PUNGGOL FIELD SINGAPORE 821102
40893,420.0,543335,1.39844903339851,103.888155361419,335C ANCHORVALE CRESCENT ANCHORVALE COVE SINGAPORE 543335
40911,600.0,542333,1.39457895953303,103.891425367847,333B ANCHORVALE LINK ANCHORVALE ISLES SINGAPORE 542333
40921,660.0,541290,1.3960787618403,103.896727615807,290A COMPASSVALE CRESCENT PCF SPARKLETOTS PRESCHOOL @ SENGKANG CENTRAL 290A (CC) SINGAPORE 541290
40934,720.0,543259,1.3933884601797,103.898081358537,259C COMPASSVALE ROAD COMPASSVALE GARDENS SINGAPORE 543259
40940,120.0,541298,1.39516709775093,103.901789456173,298A COMPASSVALE STREET COMPASSVALE GREEN SINGAPORE 541298
40943,240.0,542223,1.38826763047915,103.897668214391,223B COMPASSVALE WALK COMPASSVALE VISTA SINGAPORE 542223
40945,2040.0,540232,1.39055587792288,103.900837998637,232 COMPASSVALE WALK COMPASSVALE PLAINS SINGAPORE 540232
40948,240.0,791404,1.38834821726981,103.873814853605,404A FERNVALE LANE FERN SPRING SINGAPORE 791404
40950,420.0,792413,1.38971066595273,103.878686138516,413B FERNVALE LINK CORAL VALE SINGAPORE 792413
40951,420.0,792415,1.38884403585275,103.880083476817,415B FERNVALE LINK FERNVALE RIVERBOW SINGAPORE 792415
40957,840.0,792470,1.39687117865647,103.879859508141,470B FERNVALE LINK FERNVALE RIVERGROVE SINGAPORE 792470
40960,240.0,792410,1.38978938889476,103.876096713603,410B FERNVALE ROAD CORAL SPRING SINGAPORE 792410
40966,240.0,793446,1.39228448797032,103.873579578496,446C JALAN KAYU FERNVALE LODGE SINGAPORE 793446
40968,720.0,540153,1.39134013970454,103.906579847889,153 RIVERVALE CRESCENT MY FIRST SKOOL SINGAPORE 540153
40970,240.0,543158,1.38818825958938,103.907145829717,158C RIVERVALE CRESCENT RIVERVALE VIEW SINGAPORE 543158
40972,240.0,541163,1.38955889926807,103.908816898252,163A RIVERVALE CRESCENT RIVERVALE DELTA SINGAPORE 541163
40986,720.0,540114,1.38409456683002,103.901075631499,114 RIVERVALE WALK RIVERVALE COURT SINGAPORE 540114
40987,360.0,540114,1.38409456683002,103.901075631499,114 RIVERVALE WALK RIVERVALE COURT SINGAPORE 540114
40995,540.0,792452,1.39359219975011,103.873975642578,452B SENGKANG WEST WAY FERNVALE FOLIAGE SINGAPORE 792452
41024,240.0,550148,1.36830364245423,103.873673070603,148 SERANGOON NORTH AVENUE 1 SINGAPORE 550148
41027,540.0,550547,1.37375213159225,103.87064478064,547 SERANGOON NORTH AVENUE 3 SINGAPORE 550547
41028,120.0,550548,1.3729365228676,103.870717075897,548 SERANGOON NORTH AVENUE 3 HDB PUBLIC SHELTERS SINGAPORE 550548
41029,5760.0,550554,1.37197932661805,103.870391655462,554 SERANGOON NORTH AVENUE 3 HDB PUBLIC SHELTERS SINGAPORE 550554
41032,420.0,550536,1.37353762409328,103.875090668469,536 SERANGOON NORTH AVENUE 4 ST. VINCENT DE PAUL KINDERGARTEN SINGAPORE 550536
41043,480.0,750492,1.4564743178621,103.81718135862,492 ADMIRALTY LINK SEMBAWANG GREEN SINGAPORE 750492
41046,300.0,751132,1.44345437411826,103.831294578169,132A CANBERRA CRESCENT EASTLINK I @ CANBERRA SINGAPORE 751132
41056,600.0,752129,1.44487017343162,103.832974164005,129B CANBERRA STREET EASTCROWN @ CANBERRA SINGAPORE 752129
41071,615.0,751463,1.45559843682203,103.814045150572,463A SEMBAWANG DRIVE SEMBAWANG RIVERLODGE SINGAPORE 751463
41073,90.0,750480,1.45209028670548,103.815132332659,480 SEMBAWANG DRIVE KIDSZONE CHILDCARE AND DEVELOPMENT CENTRE SINGAPORE 750480
41074,180.0,750480,1.45209028670548,103.815132332659,480 SEMBAWANG DRIVE KIDSZONE CHILDCARE AND DEVELOPMENT CENTRE SINGAPORE 750480
41076,600.0,751501,1.45176919565749,103.820781714095,501A WELLINGTON CIRCLE MONTREAL SPRING SINGAPORE 751501
41081,1920.0,730002,1.43993828758599,103.776694750398,2 MARSILING DRIVE MARSILING SPRING SINGAPORE 730002
41093,3600.0,730139,1.43775226684572,103.777275768219,139 MARSILING ROAD SINGAPORE 730139
41102,120.0,730616,1.4343227615451,103.795844279939,616 WOODLANDS AVENUE 4 SINGAPORE 730616
41117,2800.0,730744,1.44283428410961,103.795936955398,744 WOODLANDS CIRCLE SINGAPORE 730744
41118,450.0,730749,1.44453455130133,103.794468979411,749 WOODLANDS CIRCLE SINGAPORE 730749
41126,180.0,730511,1.43345295690823,103.788653978912,511 WOODLANDS DRIVE 14 SINGAPORE 730511
41129,45.0,730536,1.43144900977713,103.791899146317,536 WOODLANDS DRIVE 14 WOODLANDS VISTA SINGAPORE 730536
41131,180.0,730542,1.42773187485332,103.793625057871,542 WOODLANDS DRIVE 16 SINGAPORE 730542
41133,540.0,732574,1.42968120982977,103.79721983981,574B WOODLANDS DRIVE 16 WOODLANDS GLEN SINGAPORE 732574
41141,900.0,733886,1.43773146039956,103.794135764157,886C WOODLANDS DRIVE 50 SWEETLANDS CHILDCARE WOODLANDS 886C PTE. LTD. SINGAPORE 733886
41146,150.0,730899,1.43580504809942,103.795253987843,899A WOODLANDS DRIVE 50 SINGAPORE 730899
41149,180.0,730769,1.44729070675124,103.798950715823,769 WOODLANDS DRIVE 60 SINGAPORE 730769
41155,6000.0,731717,1.44053874571164,103.798669114626,717A WOODLANDS DRIVE 70 ADMIRALTY VISTA SINGAPORE 731717
41156,420.0,730672,1.43946846195276,103.799693552384,672 WOODLANDS DRIVE 71 HCA WOODLANDS CENTRE SINGAPORE 730672
41163,420.0,730607,1.43665492960631,103.796231467375,607 WOODLANDS RING ROAD SINGAPORE 730607
41164,150.0,730609,1.43597624869668,103.796213561468,609 WOODLANDS RING ROAD SINGAPORE 730609
41180,360.0,731184,1.43611569878667,103.777087417647,184A WOODLANDS STREET 13 MARSILING GREENVIEW SINGAPORE 731184
41185,285.0,730406,1.42940389596979,103.772728145323,406 WOODLANDS STREET 41 SINGAPORE 730406
41186,240.0,730406,1.42940389596979,103.772728145323,406 WOODLANDS STREET 41 SINGAPORE 730406
41194,135.0,764348,1.42692662097559,103.842896956705,348D YISHUN AVENUE 11 ADORA GREEN SINGAPORE 764348
41201,900.0,760458,1.42066731724757,103.846207771514,458 YISHUN AVENUE 11 DEW SPRING @ YISHUN SINGAPORE 760458
41204,240.0,760771,1.42395988584135,103.832607406437,771 YISHUN AVENUE 3 SINGAPORE 760771
41214,300.0,760701,1.42995455706118,103.828835235349,701 YISHUN AVENUE 5 CHONG PANG GREEN SINGAPORE 760701
41218,480.0,760712,1.42785215049801,103.827781339299,712 YISHUN AVENUE 5 CHONG PANG GREEN SINGAPORE 760712
41218,480.0,760712,1.42785215049801,103.827781339299,712 YISHUN AVENUE 5 CHONG PANG GREEN SINGAPORE 760712
41226,240.0,760175,1.43760321425304,103.832468232948,175 YISHUN AVENUE 7 SINGAPORE 760175
41231,480.0,762317,1.43416878511817,103.842950441024,317B YISHUN AVENUE 9 YISHUN GREENWALK SINGAPORE 762317
41235,450.0,760322,1.42873442810568,103.840836164995,322 YISHUN CENTRAL YISHUN RIVERGREEN SINGAPORE 760322
41250,180.0,760129,1.43371166670509,103.831815032172,129 YISHUN STREET 11 SINGAPORE 760129
41253,720.0,760145,1.43084061704702,103.831855467796,145 YISHUN STREET 11 SINGAPORE 760145
41254,240.0,760147,1.4312806628618,103.831829692469,147 YISHUN STREET 11 SINGAPORE 760147
41255,2160.0,760151,1.4308063369681,103.83426814362,151 YISHUN STREET 11 CHONG PANG VISTA SINGAPORE 760151
41257,960.0,760162,1.43305540741239,103.832397917463,162 YISHUN STREET 11 SINGAPORE 760162
41272,2880.0,762510,1.41525059406698,103.841307508116,510B YISHUN STREET 51 OLEANDER BREEZE @ YISHUN SINGAPORE 762510
41276,120.0,762513,1.41572235710803,103.843648447267,513B YISHUN STREET 51 SARACA BREEZE @ YISHUN SINGAPORE 762513
41277,390.0,763513,1.41540780549145,103.84380144741,513C YISHUN STREET 51 SARACA BREEZE @ YISHUN SINGAPORE 763513
41281,180.0,760635,1.41908721329152,103.838655467519,635 YISHUN STREET 61 NEE SOON CENTRAL FIRE POST SINGAPORE 760635
41284,60.0,760641,1.42081685421992,103.838166008926,641 YISHUN STREET 61 SINGAPORE 760641
41285,690.0,760642,1.42097005451488,103.837446801202,642 YISHUN STREET 61 SINGAPORE 760642
41287,360.0,760644,1.42170773456657,103.837474519148,644 YISHUN STREET 61 SINGAPORE 760644
41288,240.0,760718,1.42681827962849,103.828512775486,718 YISHUN STREET 71 KHATIB SPRING SINGAPORE 760718
41296,4860.0,760865,1.41426758730393,103.838259938154,865 YISHUN STREET 81 SINGAPORE 760865
41300,1440.0,650228,1.34865945802076,103.753794578776,228 BUKIT BATOK CENTRAL SINGAPORE 650228
41301,180.0,650228,1.34865945802076,103.753794578776,228 BUKIT BATOK CENTRAL SINGAPORE 650228
41306,2700.0,650231,1.34908254998383,103.754518186115,231 BUKIT BATOK EAST AVENUE 5 GOMBAK GARDENS SINGAPORE 650231
41306,2700.0,650231,1.34908254998383,103.754518186115,231 BUKIT BATOK EAST AVENUE 5 GOMBAK GARDENS SINGAPORE 650231
41308,180.0,650236,1.34933642345807,103.755963537392,236 BUKIT BATOK EAST AVENUE 5 GOMBAK GARDENS SINGAPORE 650236
41314,960.0,650210,1.34548008232168,103.74995609585,210 BUKIT BATOK STREET 21 SINGAPORE 650210
41317,150.0,650216,1.3471050066434,103.753638622774,216 BUKIT BATOK STREET 21 SINGAPORE 650216
41329,540.0,650331,1.36361186600798,103.747645306633,331 BUKIT BATOK STREET 33 SINGAPORE 650331
41334,240.0,650509,1.35254758281777,103.754191723364,509 BUKIT BATOK STREET 52 HILLGROVE GARDENS SINGAPORE 650509
41350,450.0,652451,1.35248381356888,103.743414725495,451B BUKIT BATOK WEST AVENUE 6 WEST TERRA @ BUKIT BATOK SINGAPORE 652451
41352,4200.0,650403,1.36514040189139,103.744865126672,403 BUKIT BATOK WEST AVENUE 7 SINGAPORE 650403
41353,12000.0,650406,1.36517826718432,103.745813150204,406 BUKIT BATOK WEST AVENUE 7 SINGAPORE 650406
41360,150.0,652449,1.35197886358706,103.741081176999,449B BUKIT BATOK WEST AVENUE 9 WEST VALLEY @ BUKIT BATOK SINGAPORE 652449
41363,120.0,651468,1.35649522522916,103.742712657002,468A BUKIT BATOK WEST AVENUE 9 WEST PLAINS @ BUKIT BATOK SINGAPORE 651468
41365,60.0,670234,1.37853337682238,103.771789071508,234 BUKIT PANJANG RING ROAD SINGAPORE 670234
41366,7200.0,670239,1.38014939686036,103.771126294353,239 BUKIT PANJANG RING ROAD SINGAPORE 670239
41372,240.0,670401,1.38055432084398,103.768730366658,401 FAJAR ROAD SINGAPORE 670401
41373,11130.0,670407,1.38144471081245,103.768305890206,407 FAJAR ROAD SINGAPORE 670407
41376,780.0,672442,1.38143384735951,103.771366304235,442B FAJAR ROAD FAJAR HILLS SINGAPORE 672442
41384,5760.0,670511,1.38781353239945,103.768439867751,511 JELAPANG ROAD PANGSHAN COURT SINGAPORE 670511
41393,2160.0,670126,1.37621716161119,103.77012332087,126 PENDING ROAD BUKIT PANJANG FIRE POST SINGAPORE 670126
41396,2340.0,670142,1.37639172444397,103.767912823562,142 PETIR ROAD SINGAPORE 670142
41398,240.0,670150,1.37704616042499,103.766883474367,150 PETIR ROAD SINGAPORE 670150
41399,360.0,670201,1.37184315960331,103.775222401611,201 PETIR ROAD SINGAPORE 670201
41401,480.0,670211,1.37466415529251,103.77614521146,211 PETIR ROAD SINGAPORE 670211
41418,210.0,670629,1.38652802373559,103.759278980746,629 SENJA ROAD SENJA GRAND SINGAPORE 670629
41420,9000.0,670630,1.38668548319749,103.759758915377,630 SENJA ROAD SENJA GRAND SINGAPORE 670630
41423,720.0,673633,1.38473473131824,103.759217747785,633C SENJA ROAD SENJA GREEN SINGAPORE 673633
41425,300.0,672635,1.38660275237577,103.757710467868,635B SENJA ROAD SENJA GATEWAY SINGAPORE 672635
41427,90.0,684808,1.37488445323866,103.745409019573,808D CHOA CHU KANG AVENUE 1 KEAT HONG AXIS SINGAPORE 684808
41432,360.0,683297,1.37780775426379,103.74306718468,297C CHOA CHU KANG AVENUE 2 SINGAPORE 683297
41436,660.0,680413,1.38132792158886,103.742568460559,413 CHOA CHU KANG AVENUE 3 KEAT HONG LAUREL SINGAPORE 680413
41437,900.0,680473,1.37961821111761,103.738115482342,473 CHOA CHU KANG AVENUE 3 SINGAPORE 680473
41438,360.0,680307,1.38523428420139,103.74270487573,307 CHOA CHU KANG AVENUE 4 SINGAPORE 680307
41449,2400.0,680485,1.37499843819864,103.737744294777,485 CHOA CHU KANG AVENUE 5 SINGAPORE 680485
41455,6240.0,681810,1.37454644083077,103.746304172261,810A CHOA CHU KANG AVENUE 7 KEAT HONG COLOURS SINGAPORE 681810
41464,7200.0,680670,1.40297792988038,103.747753040275,670 CHOA CHU KANG CRESCENT SINGAPORE 680670
41487,600.0,680606,1.39843572591709,103.743819552032,606 CHOA CHU KANG STREET 62 SINGAPORE 680606
41525,6240.0,120371,1.32057465713359,103.768211873157,371 CLEMENTI AVENUE 4 SINGAPORE 120371
41526,480.0,120342,1.31836321447687,103.769846484274,342 CLEMENTI AVENUE 5 SINGAPORE 120342
41549,2880.0,600111,1.33877574926997,103.735604254517,111 JURONG EAST STREET 13 JURONG EAST VILLE SINGAPORE 600111
41550,240.0,600206,1.33780382054265,103.741997788111,206 JURONG EAST STREET 21 JURONG EAST VIEW SINGAPORE 600206
41552,2940.0,600216,1.33953084548923,103.73780943839,216 JURONG EAST STREET 21 SINGAPORE 600216
41553,5760.0,600218,1.34033241177285,103.737928007136,218 JURONG EAST STREET 21 SINGAPORE 600218
41554,40.0,601219,1.34060750883164,103.737453992981,219A JURONG EAST STREET 21 SINGAPORE 601219
41559,810.0,600241,1.3414812934447,103.742973359591,241 JURONG EAST STREET 24 SINGAPORE 600241
41564,6240.0,600306,1.34607046577403,103.735252691468,306 JURONG EAST STREET 32 HONG KAH EAST GARDEN SINGAPORE 600306
41565,120.0,600306,1.34607046577403,103.735252691468,306 JURONG EAST STREET 32 HONG KAH EAST GARDEN SINGAPORE 600306
41567,540.0,600307,1.34652151786552,103.734843138868,307 JURONG EAST STREET 32 HONG KAH EAST PLACE SINGAPORE 600307
41569,360.0,600308,1.34730790760381,103.734583963199,308 JURONG EAST STREET 32 HONG KAH EAST PLACE SINGAPORE 600308
41569,360.0,600308,1.34730790760381,103.734583963199,308 JURONG EAST STREET 32 HONG KAH EAST PLACE SINGAPORE 600308
41577,1530.0,600043,1.32110255874093,103.741674029792,43 TEBAN GARDENS ROAD SINGAPORE 600043
41584,120.0,642216,1.35045319598788,103.712256991806,216B BOON LAY AVENUE BOON LAY VIEW SINGAPORE 642216
41587,9360.0,642180,1.34783388478562,103.709071008155,180B BOON LAY DRIVE MY FIRST SKOOL SINGAPORE 642180
41590,540.0,640205,1.34485415589358,103.71571623191,205 BOON LAY DRIVE BOON LAY GARDENS SINGAPORE 640205
41593,3120.0,640263,1.3451004516425,103.706911682245,263 BOON LAY DRIVE HDB PUBLIC SHELTERS SINGAPORE 640263
41594,1680.0,640208,1.34700367367083,103.714216413585,208 BOON LAY PLACE BOON LAY PLACE SINGAPORE 640208
41598,360.0,614140,1.32759130033551,103.724631921446,140D CORPORATION DRIVE YUNG HO SPRING I SINGAPORE 614140
41604,4500.0,640438,1.35140999298197,103.723600768486,438 JURONG WEST AVENUE 1 SINGAPORE 640438
41612,240.0,642679,1.3439082086186,103.706055263416,679B JURONG WEST CENTRAL 1 SINGAPORE 642679
41622,1800.0,640474,1.34809707501986,103.724184231142,474 JURONG WEST STREET 41 JURONGVILLE @ STREET 41 SINGAPORE 640474
41623,1440.0,640481,1.34684614465939,103.725229988301,481 JURONG WEST STREET 41 JURONGVILLE @ STREET 41 SINGAPORE 640481
41625,720.0,640413,1.35327579127819,103.725111457509,413 JURONG WEST STREET 42 SINGAPORE 640413
41633,60.0,640522,1.34645396448389,103.716657742535,522 JURONG WEST STREET 52 SINGAPORE 640522
41637,60.0,640534,1.34896771891724,103.717106045626,534 JURONG WEST STREET 52 SINGAPORE 640534
41646,120.0,642661,1.33599339068682,103.705617495141,661B JURONG WEST STREET 64 SINGAPORE 642661
41650,180.0,641665,1.34009318644463,103.703124315086,665A JURONG WEST STREET 64 PCF SPARKLETOTS PRESCHOOL @ PIONEER BLK 665A (KN) SINGAPORE 641665
41651,480.0,641668,1.3418314445114,103.702880772704,668A JURONG WEST STREET 64 SINGAPORE 641668
41655,6000.0,640626,1.34184739328867,103.698516715611,626 JURONG WEST STREET 65 SINGAPORE 640626
41656,480.0,640629,1.34251756766153,103.699667819397,629 JURONG WEST STREET 65 SINGAPORE 640629
41657,1200.0,640632,1.34395708826043,103.69981557618,632 JURONG WEST STREET 65 SINGAPORE 640632
41665,960.0,641671,1.3439721914708,103.702307667142,671A JURONG WEST STREET 65 MY FIRST SKOOL SINGAPORE 641671
41667,1440.0,640704,1.34079662973673,103.695183363683,704 JURONG WEST STREET 71 SINGAPORE 640704
41671,180.0,640745,1.34701378802091,103.697951572709,745 JURONG WEST STREET 73 HDB PUBLIC SHELTERS SINGAPORE 640745
41673,180.0,640766,1.34980497668919,103.697761922949,766 JURONG WEST STREET 74 SINGAPORE 640766
41694,2880.0,610323,1.33681564886221,103.723914182691,323 TAH CHING ROAD HDB PUBLIC SHELTERS SINGAPORE 610323
41700,360.0,610184,1.33332140109047,103.722288614113,184 YUNG SHENG ROAD CORPORATION SPRING SINGAPORE 610184
49002,60.0,822405,1.41606976127308,103.901828257181,405B NORTHSHORE DRIVE NORTHSHORE RESIDENCES I SINGAPORE 822405
49003,8400.0,821406,1.41592843635532,103.900923218457,406A NORTHSHORE DRIVE NORTHSHORE RESIDENCES I SINGAPORE 821406
49010,1200.0,822409,1.41758014529069,103.902672012959,409B NORTHSHORE DRIVE NORTHSHORE RESIDENCES II SINGAPORE 822409
49011,600.0,823409,1.41773804355261,103.902933742014,409C NORTHSHORE DRIVE NORTHSHORE RESIDENCES II SINGAPORE 823409
49012,360.0,824409,1.4179727445199,103.90319671991,409D NORTHSHORE DRIVE NORTHSHORE RESIDENCES II SINGAPORE 824409
4001701,2880.0,090115,1.27535201369639,103.826950180582,115 BUKIT PURMEI ROAD BUKIT PURMEI VILLE SINGAPORE 090115
4001901,570.0,080012,1.27447615957187,103.84007025349,12 CANTONMENT CLOSE CANTONMENT TOWERS SINGAPORE 080012
4002701,9450.0,101109,1.28095771309777,103.809440153696,109A DEPOT ROAD DEPOT HEIGHTS SINGAPORE 101109
4002901,60.0,080005,1.27668433818668,103.839459108754,5 EVERTON PARK EVERTON PARK SINGAPORE 080005
4007101,1800.0,090017,1.27776786253278,103.821702419401,17 TELOK BLANGAH CRESCENT MOUNT FABER VIEW SINGAPORE 090017
4007601,480.0,100054,1.27359718662062,103.811942133272,54 TELOK BLANGAH DRIVE BLANGAH VIEW SINGAPORE 100054
4007901,3600.0,100076,1.27438363830311,103.808741773193,76 TELOK BLANGAH DRIVE SINGAPORE 100076
4008001,150.0,100086,1.27675646378157,103.808525245963,86 TELOK BLANGAH HEIGHTS SINGAPORE 100086
4008101,4320.0,090030,1.27298528304053,103.820252009798,30 TELOK BLANGAH RISE SINGAPORE 090030
4008202,4320.0,090030,1.27298528304053,103.820252009798,30 TELOK BLANGAH RISE SINGAPORE 090030
4008301,1200.0,090030,1.27298528304053,103.820252009798,30 TELOK BLANGAH RISE SINGAPORE 090030
4008401,600.0,090040,1.27209926567831,103.823245112725,40 TELOK BLANGAH RISE SINGAPORE 090040
4008901,2880.0,570147,1.34387703291754,103.855106377701,147 BISHAN STREET 11 BISHAN GREEN SINGAPORE 570147
4009001,360.0,570150,1.34452706951365,103.855213610381,150 BISHAN STREET 11 BISHAN GREEN SINGAPORE 570150
4009201,720.0,570102,1.3451431233477,103.847990805259,102 BISHAN STREET 12 BISHAN VIEW SINGAPORE 570102
4009301,60.0,570112,1.34681029782167,103.84904106054,112 BISHAN STREET 12 BISHAN VIEW SINGAPORE 570112
4009401,2760.0,570130,1.34590888814549,103.851015987254,130 BISHAN STREET 12 SINGAPORE 570130
4009901,480.0,570170,1.34642029733671,103.853592501555,170 BISHAN STREET 13 SINGAPORE 570170
4010001,12240.0,570172,1.34748317620022,103.85354374139,172 BISHAN STREET 13 SINGAPORE 570172
4010601,1200.0,570201,1.35506686853913,103.846946060532,201 BISHAN STREET 23 SINGAPORE 570201
4010701,150.0,570227,1.35807055643058,103.84713811731,227 BISHAN STREET 23 HDB PUBLIC SHELTERS SINGAPORE 570227
4010801,960.0,570266,1.35793002051239,103.842088092204,266 BISHAN STREET 24 SINGAPORE 570266
4011101,600.0,570290,1.35613778516576,103.844897654796,290 BISHAN STREET 24 BISHAN HEIGHTS SINGAPORE 570290
4011401,1440.0,570449,1.35808106284654,103.83079059602,449 SIN MING AVENUE SIN MING COURT SINGAPORE 570449
4011501,900.0,570453,1.35904538127014,103.829898490029,453 SIN MING AVENUE SIN MING COURT SINGAPORE 570453
4012001,6000.0,590003,1.33877430429858,103.775254200454,3 TOH YI DRIVE TOH YI GARDENS SINGAPORE 590003
4012101,4320.0,590007,1.33737314445096,103.775043151688,7 TOH YI DRIVE TOH YI GARDENS SINGAPORE 590007
4012201,8640.0,380102,1.32048087061174,103.882472846091,102 ALJUNIED CRESCENT NKF DIALYSIS CENTRE ALJUNIED SINGAPORE 380102
4012601,720.0,390052,1.31067221805457,103.88503171279,52 CASSIA CRESCENT SINGAPORE 390052
4012701,1080.0,370034,1.32904361761824,103.887438053241,34 CIRCUIT ROAD SINGAPORE 370034
4012901,720.0,370039,1.32742994958168,103.885681564016,39 CIRCUIT ROAD SINGAPORE 370039
4013201,13650.0,370057,1.32472311721669,103.886685702383,57 CIRCUIT ROAD SINGAPORE 370057
4013301,1560.0,370060,1.32555253561538,103.886532776037,60 CIRCUIT ROAD MACPHERSON GARDEN SINGAPORE 370060
4013501,1500.0,371082,1.32428910717838,103.889760526482,82A CIRCUIT ROAD MACPHERSON SPRING SINGAPORE 371082
4014001,1440.0,400023,1.32430637458121,103.902160591904,23 EUNOS CRESCENT EUNOS CRESCENT VIEW SINGAPORE 400023
4014101,1800.0,400024,1.32377995139071,103.902330351336,24 EUNOS CRESCENT SINGAPORE 400024
4014201,2040.0,400024,1.32377995139071,103.902330351336,24 EUNOS CRESCENT SINGAPORE 400024
4014301,13200.0,400411,1.31859419589813,103.899680218483,411 EUNOS ROAD 5 SINGAPORE 400411
4014501,1470.0,404002,1.31740511166912,103.89777455271,2B GEYLANG SERAI SRI GEYLANG SERAI SINGAPORE 404002
4014901,2400.0,390049,1.30886331826405,103.885372677037,49 JALAN TIGA YOUNG TALENTS PRESKOOL PTE LTD SINGAPORE 390049
4015701,540.0,381043,1.31681884371364,103.876639624866,43A SIMS DRIVE SINGAPORE 381043
4015801,1200.0,380044,1.31623521060435,103.876881159027,44 SIMS DRIVE SIMS VISTA SINGAPORE 380044
4016101,720.0,400301,1.33068802490987,103.901953040703,301 UBI AVENUE 1 SINGAPORE 400301
4016101,720.0,400301,1.33068802490987,103.901953040703,301 UBI AVENUE 1 SINGAPORE 400301
4017101,555.0,210038,1.31658921051201,103.848909726181,38 CAMBRIDGE ROAD SINGAPORE 210038
4017401,960.0,210012,1.31198113120325,103.851638487106,12 FARRER PARK ROAD FARRER PARK VIEW SINGAPORE 210012
4017701,6240.0,330056,1.32364514773996,103.868295292623,56 GEYLANG BAHRU GEYLANG BAHRU RIVERPOINT SINGAPORE 330056
4018501,900.0,330064,1.32036885070648,103.868340801014,64 KALLANG BAHRU PCF SPARKLETOTS PRESCHOOL @ KOLAM AYER BLK 64 (KN) SINGAPORE 330064
4019001,240.0,324108,1.31984417513752,103.859462494536,108C MCNAIR ROAD TOWNER HEIGHTS SINGAPORE 324108
4019101,300.0,322113,1.32142575611025,103.860194689384,113A MCNAIR ROAD MCNAIR TOWERS SINGAPORE 322113
4019301,3000.0,324113,1.32088235344697,103.860331710143,113C MCNAIR ROAD MCNAIR TOWERS SINGAPORE 324113
4020401,360.0,321021,1.32478615314534,103.862194367527,21 SAINT GEORGE'S ROAD SAINT GEORGE'S EAST GARDENS SINGAPORE 321021
4020501,900.0,321021,1.32478615314534,103.862194367527,21 SAINT GEORGE'S ROAD SAINT GEORGE'S EAST GARDENS SINGAPORE 321021
4020601,120.0,321105,1.32048559152829,103.861074545823,105 TOWNER ROAD NEIGHBOURHOOD POLICE POST KALLANG SINGAPORE 321105
4021301,240.0,440030,1.30422279476766,103.911164021354,30 MARINE CRESCENT MARINE CRESCENT VILLE SINGAPORE 440030
4021401,2880.0,440032,1.303178277126,103.911806642809,32 MARINE CRESCENT MARINE CRESCENT VILLE SINGAPORE 440032
4021901,300.0,440012,1.30460708550376,103.915739855584,12 MARINE TERRACE MARINE TERRACE BREEZE SINGAPORE 440012
4022101,2880.0,440015,1.30484546888462,103.914257399726,15 MARINE TERRACE MARINE PARADE FIRE POST SINGAPORE 440015
4022201,180.0,440019,1.30452210196584,103.915054010998,19 MARINE TERRACE MARINE TERRACE BREEZE SINGAPORE 440019
4022401,1080.0,440055,1.30542368483748,103.914004754803,55 MARINE TERRACE MARINE TERRACE HAVEN SINGAPORE 440055
4022601,180.0,321016,1.32813370856146,103.85955995036,16 JALAN TENTERAM SINGAPORE 321016
4023201,18000.0,320082,1.32387379240679,103.856482753763,82 WHAMPOA DRIVE WHAMPOA SPRING SINGAPORE 320082
4023401,240.0,320099,1.32081280371197,103.853803793872,99 WHAMPOA DRIVE WHAMPOA VIEW SINGAPORE 320099
4024201,120.0,050004,1.28180062242257,103.842908159495,4 SAGO LANE SINGAPORE 050004
4024401,2160.0,082002,1.27521197962545,103.842708898883,2 TANJONG PAGAR PLAZA MY FIRST SKOOL SINGAPORE 082002
4029801,2400.0,180264,1.29900941828595,103.852284903161,264 WATERLOO STREET SINGAPORE 180264
4029901,120.0,341115,1.33645283610396,103.87276093968,115A ALKAFF CRESCENT ALKAFF LAKEVIEW SINGAPORE 341115
4029901,120.0,341115,1.33645283610396,103.87276093968,115A ALKAFF CRESCENT ALKAFF LAKEVIEW SINGAPORE 341115
4030201,480.0,342105,1.33347403879152,103.870490405284,105B BIDADARI PARK DRIVE ALKAFF VISTA SINGAPORE 342105
4031101,2400.0,310107,1.34121948900326,103.847288831588,107 LORONG 1 TOA PAYOH DBS TOA PAYOH NORTH BRANCH SINGAPORE 310107
4032501,720.0,310152,1.33416708512554,103.845891140252,152 LORONG 2 TOA PAYOH TOA PAYOH TOWERS SINGAPORE 310152
4032601,180.0,310097,1.33862553170269,103.847769289898,97 LORONG 3 TOA PAYOH PCF SPARKLETOTS PRESCHOOL @ TOA PAYOH CENTRAL BLK 97 (KN) SINGAPORE 310097
4032901,120.0,310066,1.3350133256365,103.851778402294,66 LORONG 4 TOA PAYOH TOA PAYOH VISTA SINGAPORE 310066
4033001,480.0,312082,1.33562239265484,103.848851474907,82B LORONG 4 TOA PAYOH SINGAPORE 312082
4033701,60.0,310059,1.33675035701881,103.851794384284,59 LORONG 5 TOA PAYOH TOA PAYOH VISTA SINGAPORE 310059
4034301,240.0,310007,1.33805369690152,103.857286902601,7 LORONG 7 TOA PAYOH TOA PAYOH COURT SINGAPORE 310007
4034601,2100.0,310214,1.34183370695987,103.854370726041,214 LORONG 8 TOA PAYOH SINGAPORE 310214
4035001,4800.0,310230,1.33825592680641,103.859303071005,230 LORONG 8 TOA PAYOH TOA PAYOH EIGHT SINGAPORE 310230
4035201,2460.0,310231,1.33696011414514,103.859489719839,231 LORONG 8 TOA PAYOH NEIGHBOURHOOD POLICE POST KIM KEAT SINGAPORE 310231
4035401,300.0,310234,1.33860148626926,103.857914069837,234 LORONG 8 TOA PAYOH TOA PAYOH EIGHT SINGAPORE 310234
4035501,240.0,350102,1.3336901273759,103.868810587506,102 POTONG PASIR AVENUE 1 SINGAPORE 350102
4035601,360.0,350108,1.33472004322162,103.867928446438,108 POTONG PASIR AVENUE 1 SINGAPORE 350108
4035801,450.0,350121,1.33576029177039,103.865596996588,121 POTONG PASIR AVENUE 1 SINGAPORE 350121
4035901,240.0,350122,1.3349317199816,103.866124988651,122 POTONG PASIR AVENUE 1 SINGAPORE 350122
4036001,810.0,350140,1.33381551462422,103.866824943073,140 POTONG PASIR AVENUE 3 SINGAPORE 350140
4036101,180.0,310177,1.3339024585093,103.848844742805,177 TOA PAYOH CENTRAL UNIHEALTH 24-HR CLINIC SINGAPORE 310177
4036201,600.0,310185,1.33272795858038,103.849994231509,185 TOA PAYOH CENTRAL TOA PAYOH CENTRAL SINGAPORE 310185
4036201,600.0,310185,1.33272795858038,103.849994231509,185 TOA PAYOH CENTRAL TOA PAYOH CENTRAL SINGAPORE 310185
4036401,120.0,313079,1.33466057880014,103.848577764995,79C TOA PAYOH CENTRAL CENTRAL HORIZON SINGAPORE 313079
4036801,240.0,310199,1.34203351013688,103.850648936995,199 TOA PAYOH NORTH DEERLAND PRE - SCHOOL BY BISHAN NORTH CCC SINGAPORE 310199
4036901,1440.0,310201,1.34113803607795,103.850126597142,201 TOA PAYOH NORTH TOA PAYOH SPRING SINGAPORE 310201
4037101,2250.0,360005,1.33372865982665,103.879898473982,5 UPPER ALJUNIED LANE JOO SENG GREEN SINGAPORE 360005
4037201,1200.0,460423,1.32797614118511,103.927565110763,423 BEDOK NORTH AVENUE 1 GARDEN HILL SINGAPORE 460423
4037301,84000.0,460519,1.33087614142097,103.928059854349,519 BEDOK NORTH AVENUE 1 SINGAPORE 460519
4037501,1080.0,460133,1.32756257230307,103.93573462699,133 BEDOK NORTH AVENUE 3 SINGAPORE 460133
4037601,180.0,460136,1.32815498828204,103.93522082327,136 BEDOK NORTH AVENUE 3 SINGAPORE 460136
4038501,1500.0,460181,1.32668601317692,103.941272008827,181 BEDOK NORTH ROAD VISTA 8 SINGAPORE 460181
4038601,1440.0,460182,1.3268699405257,103.941832797556,182 BEDOK NORTH ROAD VISTA 8 SINGAPORE 460182
4038701,2700.0,460182,1.3268699405257,103.941832797556,182 BEDOK NORTH ROAD VISTA 8 SINGAPORE 460182
4039601,900.0,460420,1.32774467875638,103.928874390405,420 BEDOK NORTH STREET 1 GARDEN HILL SINGAPORE 460420
4039901,135.0,460503,1.33148846832741,103.932465357827,503 BEDOK NORTH STREET 3 MY FIRST SKOOL SINGAPORE 460503
4040001,6480.0,460504,1.33188000305479,103.932389359044,504 BEDOK NORTH STREET 3 KAKI BUKIT VILLE SINGAPORE 460504
4040301,480.0,460525,1.33460113941761,103.929445271638,525 BEDOK NORTH STREET 3 SINGAPORE 460525
4040401,1440.0,460530,1.33371332018833,103.927020293564,530 BEDOK NORTH STREET 3 SINGAPORE 460530
4040501,6450.0,460534,1.33303698213001,103.924812248346,534 BEDOK NORTH STREET 3 SINGAPORE 460534
4040601,2520.0,460534,1.33303698213001,103.924812248346,534 BEDOK NORTH STREET 3 SINGAPORE 460534
4040801,1440.0,460544,1.33054567545015,103.924246700188,544 BEDOK NORTH STREET 3 SINGAPORE 460544
4040902,540.0,460544,1.33054567545015,103.924246700188,544 BEDOK NORTH STREET 3 SINGAPORE 460544
4041202,1920.0,460554,1.33262715051315,103.928172121608,554 BEDOK NORTH STREET 3 KAKI BUKIT GREEN SINGAPORE 460554
4041401,69000.0,460556,1.33264274540102,103.922504347171,556 BEDOK NORTH STREET 3 SINGAPORE 460556
4043001,360.0,470607,1.33108483907724,103.912899551537,607 BEDOK RESERVOIR ROAD EUNOS RAINBOW SINGAPORE 470607
4043101,240.0,470610,1.33084879115082,103.912214924772,610 BEDOK RESERVOIR ROAD EUNOS RAINBOW SINGAPORE 470610
4045701,2880.0,461023,1.32526177883817,103.922628137628,23 CHAI CHEE ROAD PING-AN GARDENS SINGAPORE 461023
4045701,2880.0,461023,1.32526177883817,103.922628137628,23 CHAI CHEE ROAD PING-AN GARDENS SINGAPORE 461023
4045801,870.0,460025,1.32376290096685,103.924155605966,25 CHAI CHEE ROAD ANSAR GARDEN SINGAPORE 460025
4046001,660.0,463807,1.3279979407231,103.92324860169,807C CHAI CHEE ROAD PING YI GREENS SINGAPORE 463807
4046101,480.0,410653,1.33289023437904,103.907466873855,653 JALAN TENAGA EUNOS DAMAI VILLE SINGAPORE 410653
4046201,1320.0,410656,1.33370603793401,103.907540974425,656 JALAN TENAGA LICDO @BEDOK PRESCHOOL TEAM PTE. LTD. SINGAPORE 410656
4046301,720.0,410658,1.33355240428878,103.906516943919,658 JALAN TENAGA EUNOS DAMAI VILLE SINGAPORE 410658
4046401,300.0,410660,1.33439330245996,103.906741799858,660 JALAN TENAGA EUNOS DAMAI VILLE SINGAPORE 410660
4046601,60.0,464029,1.32395813360222,103.936341250384,29 NEW UPPER CHANGI ROAD SINGAPORE 464029
4047501,2160.0,510640,1.37578465528493,103.94043022067,640 PASIR RIS DRIVE 1 SINGAPORE 510640
4048001,5760.0,510234,1.37328803650135,103.961830001962,234 PASIR RIS DRIVE 4 SINGAPORE 510234
4048601,60.0,510447,1.37084205506613,103.957860588609,447 PASIR RIS DRIVE 6 SINGAPORE 510447
4049401,60.0,510126,1.36548783115926,103.955273377381,126 PASIR RIS STREET 11 SINGAPORE 510126
4049501,1500.0,510128,1.36607200208533,103.955614245139,128 PASIR RIS STREET 11 SINGAPORE 510128
4049601,540.0,510135,1.36454232817849,103.957472438655,135 PASIR RIS STREET 11 SINGAPORE 510135
4049801,1560.0,510103,1.36769508123853,103.958404209993,103 PASIR RIS STREET 12 SINGAPORE 510103
4050201,6000.0,510230,1.37289372103764,103.961153966738,230 PASIR RIS STREET 21 HDB PUBLIC SHELTERS SINGAPORE 510230
4051601,600.0,510776,1.37461117497015,103.937175821555,776 PASIR RIS STREET 71 SINGAPORE 510776
4052001,2520.0,521167,1.34356565862111,103.959402041657,167A SIMEI LANE PARC LUMIERE SINGAPORE 521167
4052401,3120.0,520124,1.34630712931251,103.953375789945,124 SIMEI STREET 1 SINGAPORE 520124
4052702,240.0,520146,1.34464143544848,103.955916773177,146 SIMEI STREET 2 SINGAPORE 520146
4052801,4650.0,520228,1.34255218902353,103.95604089383,228 SIMEI STREET 4 SINGAPORE 520228
4052901,1440.0,520228,1.34255218902353,103.95604089383,228 SIMEI STREET 4 SINGAPORE 520228
4053401,5760.0,520804,1.34574956989375,103.937371558302,804 TAMPINES AVENUE 4 TAMPINES POLYVIEW SINGAPORE 520804
4053501,720.0,520810,1.34645463315474,103.936611366113,810 TAMPINES AVENUE 4 TAMPINES POLYVIEW SINGAPORE 520810
4053601,60.0,520907,1.35061228147276,103.939397414558,907 TAMPINES AVENUE 4 TAMPINES PALMSVILLE SINGAPORE 520907
4053701,720.0,520909,1.35019740098746,103.939407095255,909 TAMPINES AVENUE 4 TAMPINES PALMSVILLE SINGAPORE 520909
4054301,300.0,520487,1.35955232501323,103.957815539193,487A TAMPINES AVENUE 9 HDB PUBLIC SHELTERS SINGAPORE 520487
4054701,1440.0,521524,1.35835090076118,103.938908850193,524A TAMPINES CENTRAL 7 SKOOL4KIDZ CENTRE SINGAPORE 521524
4055001,120.0,523609,1.3636897807061,103.936514982808,609C TAMPINES NORTH DRIVE 1 TAMPINES GREENWEAVE SINGAPORE 523609
4055201,1200.0,521101,1.34740034584157,103.945294915705,101 TAMPINES STREET 11 SINGAPORE 521101
4055301,360.0,520103,1.34769662535556,103.946229920882,103 TAMPINES STREET 11 SINGAPORE 520103
4055501,1440.0,521112,1.34629831386768,103.94750621688,112 TAMPINES STREET 11 PCF SPARKLETOTS PRESCHOOL @ TAMPINES-CHANGKAT 112 (CC) SINGAPORE 521112
4055701,120.0,521139,1.34616073984853,103.944509228,139 TAMPINES STREET 11 SINGAPORE 521139
4055801,240.0,521156,1.35162194359965,103.945090000876,156 TAMPINES STREET 12 SINGAPORE 521156
4056001,240.0,521161,1.35000084839602,103.945978324355,161 TAMPINES STREET 12 SINGAPORE 521161
4056301,8640.0,521165,1.34925962313654,103.945859451023,165 TAMPINES STREET 12 SINGAPORE 521165
4056501,8640.0,520236,1.35590516879669,103.947447486706,236 TAMPINES STREET 21 SINGAPORE 520236
4057701,60.0,520215,1.35466443138885,103.953165900686,215 TAMPINES STREET 23 SINGAPORE 520215
4058401,9360.0,520358,1.35447447231424,103.961004154469,358 TAMPINES STREET 33 PCF SPARKLETOTS PRESCHOOL @ TAMPINES-CHANGKAT BLK 358 (KN) SINGAPORE 520358
4058801,600.0,520424,1.3574700321204,103.948217690385,424 TAMPINES STREET 41 SUN PLAZA GARDENS SINGAPORE 520424
4059001,1200.0,520431,1.35958483033608,103.950730740317,431 TAMPINES STREET 41 SINGAPORE 520431
4059101,1800.0,520432,1.35888694800141,103.950533988949,432 TAMPINES STREET 41 PCS TAMPINES CENTRE SINGAPORE 520432
4059501,6240.0,526450,1.35792801646925,103.953020770178,450F TAMPINES STREET 42 SINGAPORE 526450
4059601,120.0,520459,1.35836507850491,103.954080977461,459 TAMPINES STREET 42 SINGAPORE 520459
4059901,2400.0,525494,1.36421531545345,103.953511202271,494E TAMPINES STREET 43 TAMPINES ALCOVES SINGAPORE 525494
4060001,3120.0,524495,1.3640424824533,103.952424391016,495E TAMPINES STREET 43 SINGAPORE 524495
4060101,4320.0,521489,1.36132334023489,103.95746980781,489B TAMPINES STREET 45 SINGAPORE 521489
4060201,1200.0,528494,1.36368314068034,103.95499248871,494H TAMPINES STREET 45 TAMPINES GREENEDGE SINGAPORE 528494
4060401,2340.0,526497,1.35964878769781,103.959908216319,497H TAMPINES STREET 45 HDB PUBLIC SHELTERS SINGAPORE 526497
4060501,240.0,523498,1.36148618155639,103.959056255163,498E TAMPINES STREET 45 SINGAPORE 523498
4060701,360.0,524605,1.36179025953788,103.935871959816,605D TAMPINES STREET 61 TAMPINES GREENRIDGES SINGAPORE 524605
4060901,360.0,520709,1.35798965118265,103.937435186474,709 TAMPINES STREET 71 TAMPINES STARLIGHT SINGAPORE 520709
4061301,180.0,520742,1.35958874830961,103.933361011699,742 TAMPINES STREET 72 TAMPINES GREEN VALE SINGAPORE 520742
4061401,540.0,520742,1.35958874830961,103.933361011699,742 TAMPINES STREET 72 TAMPINES GREEN VALE SINGAPORE 520742
4062001,180.0,520898,1.3472811716457,103.934756968904,898 TAMPINES STREET 81 TAMPINES POLYVIEW SINGAPORE 520898
4062301,60.0,522842,1.35132561986977,103.936921079502,842B TAMPINES STREET 82 TAMPINES ARCADIA SINGAPORE 522842
4062701,4320.0,522874,1.3542711249531,103.930267258528,874B TAMPINES STREET 85 TAMPINES GREENFLORA SINGAPORE 522874
4062801,450.0,523874,1.35400040425842,103.930940838158,874C TAMPINES STREET 85 TAMPINES GREENFLORA SINGAPORE 523874
4063101,1800.0,520921,1.34829167331945,103.940744738218,921 TAMPINES STREET 91 TAMPINES PALMSVILLE SINGAPORE 520921
4063201,1200.0,520921,1.34829167331945,103.940744738218,921 TAMPINES STREET 91 TAMPINES PALMSVILLE SINGAPORE 520921
4063301,120.0,520926,1.34601425203044,103.940985246396,926 TAMPINES STREET 91 TAMPINES PALMSPRING SINGAPORE 520926
4063401,12720.0,520928,1.34597336332087,103.940210611577,928 TAMPINES STREET 91 TAMPINES PALMSPRING SINGAPORE 520928
4063501,90.0,520933,1.34524172287507,103.939098694607,933 TAMPINES STREET 91 TAMPINES PALMSPRING SINGAPORE 520933
4063601,960.0,520935,1.34574577748224,103.941348203942,935 TAMPINES STREET 91 NKF DIALYSIS CENTRE TAMPINES SINGAPORE 520935
4063701,240.0,560218,1.36511907555698,103.841742483384,218 ANG MO KIO AVENUE 1 THYE HUA KWAN EDUCARE CENTRE (ANG MO KIO) SINGAPORE 560218
4063801,330.0,560218,1.36511907555698,103.841742483384,218 ANG MO KIO AVENUE 1 THYE HUA KWAN EDUCARE CENTRE (ANG MO KIO) SINGAPORE 560218
4063901,900.0,560221,1.36637938294119,103.839482297653,221 ANG MO KIO AVENUE 1 SINGAPORE 560221
4064901,180.0,560333,1.3613425564061,103.851698621454,333 ANG MO KIO AVENUE 1 TECK GHEE VIEW SINGAPORE 560333
4065001,1200.0,560335,1.36320996798464,103.850690597254,335 ANG MO KIO AVENUE 1 TECK GHEE VIEW SINGAPORE 560335
4065101,540.0,560405,1.36157912717139,103.853805386957,405 ANG MO KIO AVENUE 10 SINGAPORE 560405
4065701,600.0,560462,1.36695558620194,103.858031320467,462 ANG MO KIO AVENUE 10 SINGAPORE 560462
4066901,900.0,560129,1.36989498895756,103.842059049722,129 ANG MO KIO AVENUE 3 YIO CHU KANG VILLE SINGAPORE 560129
4067001,450.0,560129,1.36989498895756,103.842059049722,129 ANG MO KIO AVENUE 3 YIO CHU KANG VILLE SINGAPORE 560129
4067101,2880.0,560130,1.37039791675237,103.841878840032,130 ANG MO KIO AVENUE 3 YIO CHU KANG VILLE SINGAPORE 560130
4067201,240.0,560229,1.36907645907976,103.838228660084,229 ANG MO KIO AVENUE 3 KEBUN BARU PALM VIEW SINGAPORE 560229
4067401,1200.0,560233,1.36754924977907,103.836740628478,233 ANG MO KIO AVENUE 3 KEBUN BARU PALM VIEW SINGAPORE 560233
4067601,1200.0,560244,1.3672797238318,103.834626064665,244 ANG MO KIO AVENUE 3 SINGAPORE 560244
4067701,420.0,560245,1.36768706259191,103.834747335102,245 ANG MO KIO AVENUE 3 SINGAPORE 560245
4067801,360.0,560302,1.36708983179046,103.845660199054,302 ANG MO KIO AVENUE 3 ANG MO KIO 31 SINGAPORE 560302
4067901,120.0,560314,1.36622707120636,103.850085858983,314 ANG MO KIO AVENUE 3 TECK GHEE EVERGREEN SINGAPORE 560314
4068101,150.0,560329,1.3665990830055,103.846874423696,329 ANG MO KIO AVENUE 3 MY FIRST SKOOL SINGAPORE 560329
4068701,180.0,560110,1.37045937010888,103.837419259859,110 ANG MO KIO AVENUE 4 KEBUN BARU HEIGHTS SINGAPORE 560110
4068701,180.0,560110,1.37045937010888,103.837419259859,110 ANG MO KIO AVENUE 4 KEBUN BARU HEIGHTS SINGAPORE 560110
4069001,900.0,560156,1.37549519574964,103.839947470774,156 ANG MO KIO AVENUE 4 YIO CHU KANG GROVE SINGAPORE 560156
4069401,150.0,560626,1.38109958326678,103.839964624538,626 ANG MO KIO AVENUE 4 SINGAPORE 560626
4069801,6240.0,560150,1.37680678506745,103.842017962576,150 ANG MO KIO AVENUE 5 YIO CHU KANG GROVE SINGAPORE 560150
4069901,120.0,560153,1.37635745661369,103.842056476563,153 ANG MO KIO AVENUE 5 YIO CHU KANG GROVE SINGAPORE 560153
4071101,600.0,561228,1.36803452348308,103.839425598882,228A ANG MO KIO STREET 23 ANG MO KIO COURT SINGAPORE 561228
4071201,720.0,562228,1.3683777926341,103.839223299345,228B ANG MO KIO STREET 23 ANG MO KIO COURT SINGAPORE 562228
4071301,720.0,560352,1.36442474404862,103.850864037677,352 ANG MO KIO STREET 32 AMK HEIGHTS SINGAPORE 560352
4071601,330.0,533978,1.38001500314361,103.878741889941,978C BUANGKOK CRESCENT SINGAPORE 533978
4071701,240.0,537981,1.38045230792952,103.879333194715,981D BUANGKOK CRESCENT SINGAPORE 537981
4071801,420.0,537981,1.38045230792952,103.879333194715,981D BUANGKOK CRESCENT SINGAPORE 537981
4071901,450.0,531986,1.3819169455989,103.87980371499,986A BUANGKOK CRESCENT BUANGKOK COURT SINGAPORE 531986
4072001,3360.0,532986,1.38227273503528,103.880129232731,986B BUANGKOK CRESCENT BUANGKOK COURT SINGAPORE 532986
4072301,4320.0,531996,1.38646844449981,103.881610480948,996A BUANGKOK CRESCENT BUANGKOK TROPICA SINGAPORE 531996
4072501,360.0,530581,1.3795088992027,103.886990225093,581 BUANGKOK GREEN GOLDEN MINT SINGAPORE 530581
4072601,570.0,531994,1.38562199941938,103.883768015852,994A BUANGKOK LINK BUANGKOK WOODS SINGAPORE 531994
4072701,480.0,530108,1.35277393315533,103.890093177026,108 HOUGANG AVENUE 1 SINGAPORE 530108
4073202,60.0,530170,1.35145449026423,103.889315052718,170 HOUGANG AVENUE 1 MY FIRST SKOOL SINGAPORE 530170
4073301,360.0,531174,1.34959952841041,103.888750009608,174A HOUGANG AVENUE 1 PAYA LEBAR LODGE SINGAPORE 531174
4073501,240.0,530420,1.37580558530644,103.894819073452,420 HOUGANG AVENUE 10 SINGAPORE 530420
4073601,1080.0,530420,1.37580558530644,103.894819073452,420 HOUGANG AVENUE 10 SINGAPORE 530420
4073901,2700.0,530018,1.36321657536108,103.891929615677,18 HOUGANG AVENUE 3 HOUGANG VIEW SINGAPORE 530018
4074201,6720.0,530253,1.36042828831936,103.892206900827,253 HOUGANG AVENUE 3 SINGAPORE 530253
4074602,1800.0,530605,1.37096742046403,103.88649685593,605 HOUGANG AVENUE 4 SINGAPORE 530605
4074701,3120.0,530661,1.37402568701988,103.882804051972,661 HOUGANG AVENUE 4 SINGAPORE 530661
4074901,11520.0,530667,1.37378501535751,103.883849096326,667 HOUGANG AVENUE 4 SINGAPORE 530667
4075301,240.0,530304,1.36778671687043,103.895530258805,304 HOUGANG AVENUE 5 SINGAPORE 530304
4075601,60.0,530310,1.36632810370351,103.896213964527,310 HOUGANG AVENUE 5 SINGAPORE 530310
4076301,360.0,530442,1.37925189898679,103.893162046133,442 HOUGANG AVENUE 8 SINGAPORE 530442
4076501,3600.0,530468,1.37374944372747,103.897246157762,468 HOUGANG AVENUE 8 HDB PUBLIC SHELTERS SINGAPORE 530468
4076701,480.0,530631,1.37068822144673,103.881514984012,631 HOUGANG AVENUE 8 DBS HOUGANG AVENUE 8 SINGAPORE 530631
4076801,120.0,530633,1.36982607247094,103.879317363374,633 HOUGANG AVENUE 8 SINGAPORE 530633
4076901,5400.0,530634,1.37007302987192,103.878439386184,634 HOUGANG AVENUE 8 SINGAPORE 530634
4077001,5040.0,530643,1.37154552599116,103.880619942257,643 HOUGANG AVENUE 8 SINGAPORE 530643
4077501,1920.0,530850,1.36971638140621,103.893429934937,850 HOUGANG CENTRAL SINGAPORE 530850
4077601,720.0,530156,1.35252680179377,103.879594937532,156 HOUGANG STREET 11 SINGAPORE 530156
4077701,810.0,530159,1.35144317409156,103.879513312231,159 HOUGANG STREET 11 HDB PUBLIC SHELTERS SINGAPORE 530159
4077901,600.0,530241,1.35650868784233,103.891840640482,241 HOUGANG STREET 22 HOUGANG HEIGHTS SINGAPORE 530241
4078101,3000.0,530548,1.37955905829566,103.891414156096,548 HOUGANG STREET 51 SINGAPORE 530548
4078201,120.0,530566,1.38127240877127,103.888435143938,566 HOUGANG STREET 51 SINGAPORE 530566
4078401,240.0,530537,1.3777982048127,103.889734403938,537 HOUGANG STREET 52 HDB PUBLIC SHELTERS SINGAPORE 530537
4078501,720.0,533698,1.37525196763041,103.888186047391,698C HOUGANG STREET 52 SINGAPORE 533698
4078601,480.0,531699,1.37697211655509,103.888864094008,699A HOUGANG STREET 52 SINGAPORE 531699
4078601,480.0,531699,1.37697211655509,103.888864094008,699A HOUGANG STREET 52 SINGAPORE 531699
4078701,120.0,530697,1.37554033809538,103.887475138873,697 HOUGANG STREET 61 HOUGANG SPRING SINGAPORE 530697
4078801,360.0,531698,1.37501378353128,103.887337730531,698A HOUGANG STREET 61 SINGAPORE 531698
4079201,300.0,530925,1.37670652669845,103.882542875466,925 HOUGANG STREET 91 HDB PUBLIC SHELTERS SINGAPORE 530925
4080201,6720.0,530135,1.34975825362257,103.886810075583,135 LORONG AH SOO SINGAPORE 530135
4082001,180.0,822669,1.40453606912894,103.914012816111,669B EDGEFIELD PLAINS WATERWAY RIDGES SINGAPORE 822669
4082201,60.0,822673,1.40697762946912,103.911041462626,673B EDGEFIELD PLAINS WATERWAY BANKS SINGAPORE 822673
4082601,300.0,822408,1.41720536186439,103.903199687378,408B NORTHSHORE DRIVE NORTHSHORE RESIDENCES II SINGAPORE 822408
4083001,2160.0,822166,1.39457812551483,103.915235013308,166B PUNGGOL CENTRAL SINGAPORE 822166
4083601,240.0,823622,1.4006620149821,103.910914385755,622C PUNGGOL CENTRAL PCF SPARKLETOTS PRESCHOOL @ PUNGGOL NORTH 622C (CC) SINGAPORE 823622
4083701,1800.0,820643,1.39731946011017,103.916018571836,643 PUNGGOL CENTRAL EASTDALE SINGAPORE 820643
4084101,360.0,821635,1.40094910812947,103.913777389579,635A PUNGGOL DRIVE EDGEDALE GREEN SINGAPORE 821635
4085001,480.0,823101,1.39809045787162,103.906569305679,101C PUNGGOL FIELD SINGAPORE 823101
4085201,1200.0,824102,1.39848070795436,103.905249752459,102D PUNGGOL FIELD SINGAPORE 824102
4085501,750.0,821173,1.39701308622338,103.909354092412,173A PUNGGOL FIELD SINGAPORE 821173
4085601,3060.0,823173,1.39618540563029,103.910561898211,173C PUNGGOL FIELD SINGAPORE 823173
4085701,4200.0,821197,1.39977425428162,103.906849841015,197A PUNGGOL FIELD SINGAPORE 821197
4085801,240.0,821202,1.39966422309229,103.904495606279,202A PUNGGOL FIELD SINGAPORE 821202
4085901,240.0,821204,1.39877827554853,103.902910892565,204A PUNGGOL FIELD SINGAPORE 821204
4086701,4800.0,823288,1.40255090260619,103.903557130195,288C PUNGGOL PLACE PUNGGOL ARCADIA SINGAPORE 823288
4093301,120.0,543277,1.38233698966981,103.893607838756,277C COMPASSVALE LINK ASPELLA SINGAPORE 543277
4093504,180.0,542250,1.39224633613012,103.899789895565,250B COMPASSVALE STREET COMPASSVALE HAVEN SINGAPORE 542250
4094601,240.0,540238,1.39044008351596,103.898663980913,238 COMPASSVALE WALK COMPASSVALE PLAINS SINGAPORE 540238
4094703,180.0,791403,1.3889306090651,103.873208570293,403A FERNVALE LANE FERN SPRING SINGAPORE 791403
4095501,180.0,791467,1.39798359035227,103.8784589917,467A FERNVALE LINK FERNVALE LEA SINGAPORE 791467
4095601,600.0,792467,1.39807105476614,103.877933381661,467B FERNVALE LINK FERNVALE LEA SINGAPORE 792467
4097301,1200.0,542163,1.38919549974865,103.908650220784,163B RIVERVALE CRESCENT RIVERVALE DELTA SINGAPORE 542163
4097402,60.0,542180,1.38994718706066,103.909449885028,180B RIVERVALE CRESCENT RIVERVALE ARC SINGAPORE 542180
4097601,660.0,542183,1.39130624638809,103.908329711702,183B RIVERVALE CRESCENT SINGAPORE 542183
4098201,240.0,541189,1.39556120814367,103.904021658575,189A RIVERVALE DRIVE RIVERVALE GATEWAY SINGAPORE 541189
4098303,2160.0,541191,1.39374008288861,103.903484775847,191A RIVERVALE DRIVE RIVERVALE GATEWAY SINGAPORE 541191
4099601,240.0,793469,1.39632353747039,103.877422028405,469C SENGKANG WEST WAY FERNVALE LEA SINGAPORE 793469
4099901,70.0,531007,1.34915702958254,103.877006943654,7 LORONG LEW LIAN LEW LIAN GARDENS SINGAPORE 531007
4100101,240.0,551234,1.35429542901204,103.869169644979,234A SERANGOON AVENUE 2 SINGAPORE 551234
4102201,1440.0,550123,1.3669585129808,103.872593551192,123 SERANGOON NORTH AVENUE 1 SINGAPORE 550123
4102301,480.0,550143,1.36736076711937,103.872925371848,143 SERANGOON NORTH AVENUE 1 SINGAPORE 550143
4102501,10080.0,550157,1.37115656789602,103.869239467549,157 SERANGOON NORTH AVENUE 1 SINGAPORE 550157
4103101,1380.0,550535,1.37380603093526,103.873980237636,535 SERANGOON NORTH AVENUE 4 SINGAPORE 550535
4103302,120.0,550539,1.37496192242403,103.872188582292,539 SERANGOON NORTH AVENUE 4 SINGAPORE 550539
4103501,300.0,550541,1.37430061743328,103.872556913809,541 SERANGOON NORTH AVENUE 4 HDB PUBLIC SHELTERS SINGAPORE 550541
4103901,1500.0,752357,1.45024168257745,103.817316100829,357B ADMIRALTY DRIVE SUN BLISS SINGAPORE 752357
4104001,720.0,753359,1.44912493660072,103.814713869962,359C ADMIRALTY DRIVE SUN BLISS SINGAPORE 753359
4104701,360.0,751503,1.45058879786565,103.821649350316,503A CANBERRA LINK MONTREAL SPRING SINGAPORE 751503
4105101,120.0,752106,1.44803885202675,103.833228909288,106B CANBERRA STREET EASTBROOK @ CANBERRA SINGAPORE 752106
4105201,4320.0,752107,1.44916516333167,103.833497265983,107B CANBERRA STREET EASTBROOK @ CANBERRA SINGAPORE 752107
4105401,600.0,751126,1.44515880423783,103.834981318758,126A CANBERRA STREET EASTDELTA @ CANBERRA SINGAPORE 751126
4105501,240.0,753126,1.44614061239177,103.834964649867,126C CANBERRA STREET EASTDELTA @ CANBERRA SINGAPORE 753126
4106301,720.0,750327,1.44566382276232,103.8190220705,327 SEMBAWANG CRESCENT SINGAPORE 750327
4106401,120.0,752362,1.4465925712422,103.813540833248,362B SEMBAWANG CRESCENT SUN NATURA SINGAPORE 752362
4106501,480.0,753363,1.44565214622624,103.812883724067,363C SEMBAWANG CRESCENT SUN NATURA SINGAPORE 753363
4106901,45.0,750413,1.45177042242752,103.817947511696,413 SEMBAWANG DRIVE SINGAPORE 750413
4107701,1890.0,754501,1.45105057890399,103.822432144608,501D WELLINGTON CIRCLE MONTREAL SPRING SINGAPORE 754501
4107801,540.0,753507,1.4517313216515,103.823451879244,507C WELLINGTON CIRCLE MONTREAL SPRING SINGAPORE 753507
4111001,600.0,730721,1.44409699510211,103.80040459108,721 WOODLANDS CIRCLE SINGAPORE 730721
4111201,510.0,730729,1.44259053537399,103.798580792917,729 WOODLANDS CIRCLE EDUFIRST LEARNING CENTRE SINGAPORE 730729
4111601,1260.0,730743,1.443728242112,103.796311726423,743 WOODLANDS CIRCLE HDB PUBLIC SHELTERS SINGAPORE 730743
4112201,120.0,735787,1.44492134030396,103.80229706643,787E WOODLANDS CRESCENT SINGAPORE 735787
4112501,780.0,730508,1.43213384772534,103.790580691321,508 WOODLANDS DRIVE 14 SINGAPORE 730508
4113001,240.0,730539,1.4290771173101,103.792255895354,539 WOODLANDS DRIVE 16 CUDDLE KIDS PLAYHOUSE PTE. LTD. SINGAPORE 730539
4113401,540.0,730575,1.43118720442285,103.797237729001,575 WOODLANDS DRIVE 16 SINGAPORE 730575
4114401,360.0,731893,1.4368443229914,103.789844833919,893B WOODLANDS DRIVE 50 SINGAPORE 731893
4114501,900.0,730898,1.43537224460869,103.794675132372,898A WOODLANDS DRIVE 50 SINGAPORE 730898
4114801,180.0,730557,1.43272193932997,103.796846435522,557 WOODLANDS DRIVE 53 SINGAPORE 730557
4116001,120.0,731686,1.44213596324067,103.8056199239,686A WOODLANDS DRIVE 73 SINGAPORE 731686
4116201,180.0,732689,1.44446942805204,103.808397457375,689B WOODLANDS DRIVE 75 SINGAPORE 732689
4116701,1080.0,730649,1.43893593743693,103.800962457948,649 WOODLANDS RING ROAD SINGAPORE 730649
4116901,150.0,730668,1.43902483398516,103.798308103203,668 WOODLANDS RING ROAD SINGAPORE 730668
4117001,600.0,732784,1.4455212234661,103.804854097797,784B WOODLANDS RISE WOODLANDS PASTURE II SINGAPORE 732784
4117101,7200.0,731785,1.4465095963369,103.80471836021,785A WOODLANDS RISE WOODLANDS PASTURE II SINGAPORE 731785
4119301,180.0,761347,1.42793924371366,103.842676976311,347A YISHUN AVENUE 11 ADORA GREEN SINGAPORE 761347
4119701,360.0,760425,1.42242242128485,103.848326515766,425 YISHUN AVENUE 11 SINGAPORE 760425
4119901,180.0,760440,1.42233139600502,103.84613305852,440 YISHUN AVENUE 11 SINGAPORE 760440
4120601,180.0,763509,1.41430342507305,103.840416962438,509C YISHUN AVENUE 4 ANGSANA BREEZE @ YISHUN SINGAPORE 763509
4120701,240.0,760657,1.42224077094874,103.839349033609,657 YISHUN AVENUE 4 NEE SOON CENTRAL VIEW SINGAPORE 760657
4120801,360.0,760657,1.42224077094874,103.839349033609,657 YISHUN AVENUE 4 NEE SOON CENTRAL VIEW SINGAPORE 760657
4121002,120.0,763672,1.41836093867258,103.842650670571,672C YISHUN AVENUE 4 VINE GROVE @ YISHUN SINGAPORE 763672
4122201,350.0,760285,1.43993982621554,103.839382313028,285 YISHUN AVENUE 6 FICUS VALE SINGAPORE 760285
4122901,480.0,761316,1.43335530681195,103.842705084631,316A YISHUN AVENUE 9 YISHUN GREENWALK SINGAPORE 761316
4123601,180.0,760107,1.43221807625653,103.827520202898,107 YISHUN RING ROAD PCF SPARKLETOTS PRESCHOOL @ CHONG PANG BLK 107 (KN) SINGAPORE 760107
4123701,300.0,760113,1.43513580201461,103.828873241093,113 YISHUN RING ROAD CHONG PANG VALE SINGAPORE 760113
4123801,360.0,760113,1.43513580201461,103.828873241093,113 YISHUN RING ROAD CHONG PANG VALE SINGAPORE 760113
4124201,390.0,760257,1.434567049002,103.839444685818,257 YISHUN RING ROAD YISHUN SUNSHINE SINGAPORE 760257
4124501,300.0,760353,1.4261372783241,103.84521649048,353 YISHUN RING ROAD YISHUN JASMINE SINGAPORE 760353
4125101,1530.0,760130,1.43352498091281,103.831330838156,130 YISHUN STREET 11 SINGAPORE 760130
4125601,570.0,760153,1.43116848559462,103.834264424083,153 YISHUN STREET 11 CHONG PANG VISTA SINGAPORE 760153
4125901,960.0,760227,1.435069715602,103.836644751474,227 YISHUN STREET 21 SINGAPORE 760227
4126401,720.0,762269,1.43649593903553,103.841260995591,269B YISHUN STREET 22 SINGAPORE 762269
4126601,60.0,760275,1.43775877119441,103.838690516562,275 YISHUN STREET 22 SINGAPORE 760275
4126801,240.0,764333,1.43208985750645,103.846198333971,333D YISHUN STREET 31 PCF SPARKLETOTS PRESCHOOL @ GAMBAS 333D (CC) SINGAPORE 764333
4127901,255.0,760627,1.41770409927839,103.837005089412,627 YISHUN STREET 61 SINGAPORE 760627
4128001,240.0,760633,1.41865757414383,103.839842120968,633 YISHUN STREET 61 SINGAPORE 760633
4128301,360.0,760639,1.42056023821885,103.838449241015,639 YISHUN STREET 61 SINGAPORE 760639
4128301,360.0,760639,1.42056023821885,103.838449241015,639 YISHUN STREET 61 SINGAPORE 760639
4128901,600.0,760726,1.4265362136527,103.830668784342,726 YISHUN STREET 71 KHATIB SPRING SINGAPORE 760726
4129001,900.0,760727,1.42621011729954,103.831240144634,727 YISHUN STREET 71 KHATIB SPRING SINGAPORE 760727
4129701,720.0,760870,1.41307365987955,103.837975857782,870 YISHUN STREET 81 SINGAPORE 760870
4129801,450.0,650121,1.35162557081969,103.748011382648,121 BUKIT BATOK CENTRAL SINGAPORE 650121
4130201,1080.0,650625,1.35138112759435,103.748585289075,625 BUKIT BATOK CENTRAL SINGAPORE 650625
4130301,360.0,650280,1.34770147739311,103.757044584552,280 BUKIT BATOK EAST AVENUE 3 GOMBAK PLACE SINGAPORE 650280
4130501,600.0,650264,1.34991025839712,103.759040163588,264 BUKIT BATOK EAST AVENUE 4 SINGAPORE 650264
4130701,240.0,650236,1.34933642345807,103.755963537392,236 BUKIT BATOK EAST AVENUE 5 GOMBAK GARDENS SINGAPORE 650236
4130901,180.0,650247,1.34992721242157,103.75698028632,247 BUKIT BATOK EAST AVENUE 5 GOMBAK VIEW SINGAPORE 650247
4131201,240.0,650207,1.34624866176031,103.749382188265,207 BUKIT BATOK STREET 21 SINGAPORE 650207
4131301,1620.0,650209,1.34548843030138,103.748737963222,209 BUKIT BATOK STREET 21 SINGAPORE 650209
4131501,120.0,651210,1.34542847522459,103.750835847871,210A BUKIT BATOK STREET 21 SINGAPORE 651210
4131801,420.0,651293,1.34593565587377,103.754650908839,293A BUKIT BATOK STREET 21 SKYPEAK @ BUKIT BATOK SINGAPORE 651293
4131901,1200.0,651293,1.34593565587377,103.754650908839,293A BUKIT BATOK STREET 21 SKYPEAK @ BUKIT BATOK SINGAPORE 651293
4132201,540.0,652290,1.34317855232948,103.756548505542,290A BUKIT BATOK STREET 24 SPRING VIEW SINGAPORE 652290
4132501,360.0,654289,1.34417029336796,103.75943138784,289E BUKIT BATOK STREET 25 NATURE VIEW SINGAPORE 654289
4132601,120.0,654289,1.34417029336796,103.75943138784,289E BUKIT BATOK STREET 25 NATURE VIEW SINGAPORE 654289
4132801,720.0,650367,1.36033274170697,103.749691516072,367 BUKIT BATOK STREET 31 SINGAPORE 650367
4133001,16500.0,650338,1.36355249556515,103.750948082233,338 BUKIT BATOK STREET 34 SINGAPORE 650338
4133101,4800.0,650350,1.36143858458969,103.749152507272,350 BUKIT BATOK STREET 34 SINGAPORE 650350
4133701,450.0,650410,1.36445863795592,103.744991611928,410 BUKIT BATOK WEST AVENUE 4 SINGAPORE 650410
4134001,90.0,650385,1.36348353323119,103.752171420758,385 BUKIT BATOK WEST AVENUE 5 SINGAPORE 650385
4134501,1350.0,650112,1.34817353357762,103.745025213312,112 BUKIT BATOK WEST AVENUE 6 SINGAPORE 650112
4134701,2700.0,650138,1.35044711973729,103.744471903926,138 BUKIT BATOK WEST AVENUE 6 SINGAPORE 650138
4134801,480.0,650148,1.34927162953551,103.74359094183,148 BUKIT BATOK WEST AVENUE 6 PCF SPARKLETOTS PRESCHOOL @ BUKIT BATOK BLK 148 (KN) SINGAPORE 650148
4135101,210.0,650403,1.36514040189139,103.744865126672,403 BUKIT BATOK WEST AVENUE 7 SINGAPORE 650403
4135801,1000.0,651447,1.35241777262812,103.739894249774,447A BUKIT BATOK WEST AVENUE 9 WEST VALLEY @ BUKIT BATOK SINGAPORE 651447
4136901,60.0,670609,1.38285734125021,103.762010135941,609 BUKIT PANJANG RING ROAD SINGAPORE 670609
4137101,120.0,670611,1.38387209680691,103.761859831513,611 BUKIT PANJANG RING ROAD SINGAPORE 670611
4138101,630.0,670164,1.37647171774719,103.764884247788,164 GANGSA ROAD SINGAPORE 670164
4141201,840.0,670485,1.38868132378093,103.771312569429,485 SEGAR ROAD SEGAR GROVE SINGAPORE 670485
4141402,2640.0,670605,1.38080486799859,103.761856783214,605 SENJA ROAD SINGAPORE 670605
4142201,90.0,670631,1.38647806662619,103.760256469034,631 SENJA ROAD ICHIBAN MONTESSORI KIDDIE KOLLEGE PTE. LTD. SINGAPORE 670631
4142601,120.0,680202,1.3818369774308,103.74946480804,202 CHOA CHU KANG AVENUE 1 SINGAPORE 680202
4143001,240.0,682818,1.37725874802106,103.748291851205,818B CHOA CHU KANG AVENUE 1 KEAT HONG MIRAGE SINGAPORE 682818
4143101,720.0,682296,1.37684772581631,103.741509048162,296B CHOA CHU KANG AVENUE 2 SINGAPORE 682296
4144201,600.0,680431,1.38403775540864,103.741773099201,431 CHOA CHU KANG AVENUE 4 SINGAPORE 680431
4144301,360.0,680434,1.38444682435766,103.74108952188,434 CHOA CHU KANG AVENUE 4 SINGAPORE 680434
4144301,360.0,680434,1.38444682435766,103.74108952188,434 CHOA CHU KANG AVENUE 4 SINGAPORE 680434
4144401,1800.0,680438,1.38427313008787,103.739864729553,438 CHOA CHU KANG AVENUE 4 SINGAPORE 680438
4144801,480.0,680484,1.37647656461683,103.737135249373,484 CHOA CHU KANG AVENUE 5 SINGAPORE 680484
4145201,120.0,684488,1.37642221610651,103.740504704448,488D CHOA CHU KANG AVENUE 5 SUNSHINE GARDENS SINGAPORE 684488
4145301,600.0,684488,1.37642221610651,103.740504704448,488D CHOA CHU KANG AVENUE 5 SUNSHINE GARDENS SINGAPORE 684488
4145401,720.0,683490,1.37575014356152,103.741751767068,490C CHOA CHU KANG AVENUE 5 SUNSHINE GARDENS SINGAPORE 683490
4145601,240.0,681810,1.37454644083077,103.746304172261,810A CHOA CHU KANG AVENUE 7 KEAT HONG COLOURS SINGAPORE 681810
4145701,1560.0,682811,1.37312145835945,103.745382153467,811B CHOA CHU KANG AVENUE 7 KEAT HONG COLOURS SINGAPORE 682811
4145801,120.0,680208,1.38147790367229,103.748174138819,208 CHOA CHU KANG CENTRAL HDB PUBLIC SHELTERS SINGAPORE 680208
4145901,240.0,680220,1.38193097430224,103.745583043297,220 CHOA CHU KANG CENTRAL HDB PUBLIC SHELTERS SINGAPORE 680220
4146101,15600.0,680663,1.40198475097106,103.750788391041,663 CHOA CHU KANG CRESCENT SINGAPORE 680663
4146201,60.0,680664,1.40229618504156,103.750438456359,664 CHOA CHU KANG CRESCENT SINGAPORE 680664
4146601,240.0,680677,1.40151021475963,103.745481871107,677 CHOA CHU KANG CRESCENT SINGAPORE 680677
4146701,240.0,680680,1.40333610825505,103.745131655848,680 CHOA CHU KANG CRESCENT SINGAPORE 680680
4147201,720.0,680342,1.38394155773497,103.746425614003,342 CHOA CHU KANG LOOP SINGAPORE 680342
4147701,540.0,680618,1.4003500962761,103.746992957921,618 CHOA CHU KANG NORTH 7 SINGAPORE 680618
4147801,210.0,680619,1.40025308306096,103.74757923589,619 CHOA CHU KANG NORTH 7 SINGAPORE 680619
4148101,360.0,680550,1.39401069858338,103.742692606674,550 CHOA CHU KANG STREET 52 SINGAPORE 680550
4148801,360.0,680609,1.39929966313489,103.744719393752,609 CHOA CHU KANG STREET 62 SINGAPORE 680609
4149101,180.0,680163,1.3809102767137,103.756925824414,163 JALAN TECK WHYE SINGAPORE 680163
4149301,720.0,682801,1.37582471905172,103.742823385612,801B KEAT HONG CLOSE KEAT HONG CREST SINGAPORE 682801
4149501,60.0,680005,1.38211439144289,103.75356509712,5 TECK WHYE AVENUE TECK WHYE HEIGHTS I SINGAPORE 680005
4149701,2400.0,680110,1.37823695284901,103.752208325828,110 TECK WHYE LANE SINGAPORE 680110
4149801,240.0,680115,1.37893677955462,103.751182368998,115 TECK WHYE LANE SINGAPORE 680115
4149901,120.0,680118,1.37987102781951,103.750647321595,118 TECK WHYE LANE SINGAPORE 680118
4150001,40.0,680013,1.37894634652916,103.755847939018,13 TECK WHYE LANE TECK WHYE HEIGHTS II SINGAPORE 680013
4150101,480.0,680134,1.38026609488201,103.750956814968,134 TECK WHYE LANE SINGAPORE 680134
4150501,1560.0,120421,1.30909798702908,103.768355913054,421 CLEMENTI AVENUE 1 CASA CLEMENTI SINGAPORE 120421
4151001,600.0,120356,1.31395967091571,103.769831365969,356 CLEMENTI AVENUE 2 SINGAPORE 120356
4151101,720.0,120364,1.31240641918888,103.768752275192,364 CLEMENTI AVENUE 2 SINGAPORE 120364
4151201,1320.0,120429,1.31291218870832,103.762860973019,429 CLEMENTI AVENUE 3 SINGAPORE 120429
4151401,120.0,121441,1.31463913092205,103.764797687774,441A CLEMENTI AVENUE 3 CLEMENTI TOWERS SINGAPORE 121441
4151601,1080.0,122445,1.31266626044778,103.764623618127,445B CLEMENTI AVENUE 3 CLEMENTI CREST SINGAPORE 122445
4151701,3300.0,120460,1.31115141655133,103.766935151813,460 CLEMENTI AVENUE 3 SINGAPORE 120460
4151801,450.0,120462,1.31109876019725,103.765906379277,462 CLEMENTI AVENUE 3 SINGAPORE 120462
4152001,120.0,120306,1.32143826057396,103.765901268051,306 CLEMENTI AVENUE 4 CLEMENTI MEADOWS SINGAPORE 120306
4152201,360.0,121311,1.31911656776897,103.765492195959,311A CLEMENTI AVENUE 4 TRIVELIS SINGAPORE 121311
4152701,240.0,120346,1.3171180855602,103.769961809562,346 CLEMENTI AVENUE 5 ROTARY FAMILY SERVICE CENTRE SINGAPORE 120346
4152801,180.0,120377,1.31756398951141,103.767975202583,377 CLEMENTI AVENUE 5 SINGAPORE 120377
4153101,540.0,120206,1.32150115847495,103.762228657544,206 CLEMENTI AVENUE 6 SINGAPORE 120206
4153201,360.0,121208,1.3219234293777,103.762384826925,208A CLEMENTI AVENUE 6 CLEMENTI GATEWAY SINGAPORE 121208
4153401,120.0,120601,1.30477461299303,103.765253754328,601 CLEMENTI WEST STREET 1 SINGAPORE 120601
4153501,1080.0,120604,1.30542777397595,103.767493297152,604 CLEMENTI WEST STREET 1 SINGAPORE 120604
4153701,1800.0,120707,1.30628748271347,103.762394965532,707 CLEMENTI WEST STREET 2 SINGAPORE 120707
4154001,1050.0,120730,1.304777153125,103.763121970707,730 CLEMENTI WEST STREET 2 SINGAPORE 120730
4154501,12000.0,601318,1.3476235248659,103.731009078651,318A JURONG EAST AVENUE 1 GOLDEN WILLOWS SINGAPORE 601318
4154601,12000.0,600331,1.35082650419629,103.73042009299,331 JURONG EAST AVENUE 1 SINGAPORE 600331
4154701,180.0,600331,1.35082650419629,103.73042009299,331 JURONG EAST AVENUE 1 SINGAPORE 600331
4154701,180.0,600331,1.35082650419629,103.73042009299,331 JURONG EAST AVENUE 1 SINGAPORE 600331
4155601,1440.0,600228,1.34257472073046,103.736290436718,228 JURONG EAST STREET 21 SINGAPORE 600228
4156001,5400.0,600246,1.34177658836855,103.740057253589,246 JURONG EAST STREET 24 SINGAPORE 600246
4156301,180.0,600304,1.3451446878869,103.734750459542,304 JURONG EAST STREET 32 HONG KAH EAST GARDEN SINGAPORE 600304
4156601,2700.0,600306,1.34607046577403,103.735252691468,306 JURONG EAST STREET 32 HONG KAH EAST GARDEN SINGAPORE 600306
4157001,4680.0,600372,1.34865823382569,103.731789499274,372 JURONG EAST STREET 32 JURONG EAST COURT SINGAPORE 600372
4157101,14600.0,600374,1.34961239369679,103.732548011802,374 JURONG EAST STREET 32 JURONG EAST COURT SINGAPORE 600374
4157201,240.0,600415,1.32076543342048,103.748258626828,415 PANDAN GARDENS SINGAPORE 600415
4157301,840.0,600021,1.32368064923943,103.739156156511,21 TEBAN GARDENS ROAD TEBAN VISTA SINGAPORE 600021
4157901,360.0,600280,1.34046486754645,103.747294159262,280 TOH GUAN ROAD TOH GUAN VIEW SINGAPORE 600280
4158001,240.0,600284,1.33948765295892,103.746226449075,284 TOH GUAN ROAD TOH GUAN VIEW SINGAPORE 600284
4158501,2880.0,641217,1.34975768459224,103.711296415279,217A BOON LAY AVENUE BOON LAY VIEW SINGAPORE 641217
4159101,1110.0,640261,1.34559270009436,103.70789526133,261 BOON LAY DRIVE BOON LAY CREST SINGAPORE 640261
4159201,3120.0,640261,1.34559270009436,103.70789526133,261 BOON LAY DRIVE BOON LAY CREST SINGAPORE 640261
4159501,3120.0,640209,1.34625797211644,103.715154716629,209 BOON LAY PLACE BOON LAY PLACE SINGAPORE 640209
4159601,1800.0,640210,1.34764592847862,103.7129331836,210 BOON LAY PLACE DBS SPF BOON LAY SINGAPORE 640210
4160202,1800.0,610115,1.33367081421694,103.724659608331,115 HO CHING ROAD SINGAPORE 610115
4161603,300.0,640695,1.34256318025628,103.707422156902,695 JURONG WEST CENTRAL 1 SINGAPORE 640695
4163801,180.0,640535,1.34942131073209,103.71701184524,535 JURONG WEST STREET 52 SINGAPORE 640535
4163901,60.0,640535,1.34942131073209,103.71701184524,535 JURONG WEST STREET 52 SINGAPORE 640535
4164102,300.0,641653,1.3368913768574,103.696638809163,653A JURONG WEST STREET 61 SINGAPORE 641653
4165204,660.0,642678,1.34512819470515,103.703897417226,678B JURONG WEST STREET 64 EDELWEISS@JURONG SINGAPORE 642678
4165805,1200.0,642657,1.33596098683449,103.700840300361,657B JURONG WEST STREET 65 SINGAPORE 642657
4165902,7500.0,641659,1.33685014192095,103.702313572487,659A JURONG WEST STREET 65 SINGAPORE 641659
4166003,720.0,642659,1.336907296624,103.701982068141,659B JURONG WEST STREET 65 SINGAPORE 642659
4166901,180.0,640716,1.34405238853773,103.696709870352,716 JURONG WEST STREET 71 NANYANG SAPPHIRE SINGAPORE 640716
4169501,720.0,610327,1.33615146757288,103.722633358102,327 TAH CHING ROAD SINGAPORE 610327
4169901,270.0,610181,1.33369206575684,103.721934875775,181 YUNG SHENG ROAD CORPORATION SPRING SINGAPORE 610181
